AASubstitution	PWT	STDDEV	HGVSP3Letter	Ref	Alt	MutPred2	MutationTaster_website_raw_score	MutationTaster_converted_rankscore	Polyphen2_HDIV_score	Polyphen2_HVAR_score	Codon	P211	P212	P221	P231	P241	P251	P252	P253	P261	P262	P263	P264	P271	P281	P282	P291	P301	Condel	MCAP Score	LoFtool	CADD_raw	MutationTaster_score	SIFT_SCORE	MutationAssessor_score	VEST3_score	relative_activity	SIFT_Binarized	PROVEAN_SCORE	GERPRS	GERPNR	phyloP46way_placental	phyloP100way_vertebrate	SiPhy_29way_logOdds	LR_score	RadialSVM_score	FATHMM_score	LRT_score	X1SIFT
A158S	0.1	2.5	Ala158Ser	A	S	0.798	1	0.8103299737	0.964	0.806	158	0.98	0.98	19.592	0.3313	0.07131133333	0.202	0.21	0.45	0	0	0	0.469713	0.160627172	0	0	0.7056	0.106118	0.848	0.514	0.159	5.637	1	0.004	3.365	0.663	0	1	-2.87	4.300000191	4.300000191	2.363	9.428	15.86260033	0.981	1.05	-6.04	1.00E-06	0.996
A16V	0.42	0.5	Ala16Val	A	V	0.367	1	0.08979000151	0.001	0.002	16	1	1	92.336	0.8435	0.942911809	0.633	0.826	0.931	0.99837	0.410261	0.906562	1.001776	0.404480606	1	1	0.9212	0.381632	0.453	NA	0.159	3.286	1	0.337	1.52	0.126	0	0	-0.23	-2.420000076	4.039999962	-0.014	0.314	5.58920002	0.812	0.435	-5.44	0.9851350188	0.663
A181D	0.54	3.1	Ala181Asp	A	D	0.511	0.525349	0.3191199899	0.608	0.29	181	1	1	65.331	0.9182	0.6683223333	0.489	0.585	0.786	0.968251	0.945815	1.319268	1.116086	0.552055695	1	0	0.8727	0.815121	0.121	0.132	0.159	1.4	0.525	0.644	0.77	0.269	0	0	-0.15	3.319999933	5.420000076	0.578	2.375	9.582900047	0.841	0.722	-5.14	0.03360800073	0.356
A244T	0.2	2.7	Ala244Thr	A	T	0.8	0.999948	0.5199999809	1	0.996	244	0.98	0.98	16.963	0.3537	0.03178833333	0.2	0.466	0.728	0	0	0	0.748615	0.573634548	0	1	0.9278	0.116789	0.87	0.554	0.159	3.489	1	0.003	2.745	0.874	0	1	-2.78	4.300000191	5.269999981	1.215	7.433	12.84130001	0.954	1.092	-4.61	0	0.997
A329T	0.87	15	Ala329Thr	A	T	0.557	0.999961	0.1887799948	0.046	0.028	329	1	1	88.85	0.8444	0.324419	0.443	0.816	0.912	0.623863	0.170916	0.2043	0.814019	0.62084028	0	1	0.8474	0.860364	0.055	0.128	0.159	0.134	1	0.579	1.43	0.268	0	0	-0.52	4.090000153	5.070000172	1.325	1.899	7.951900005	0.885	0.599	-5.22	0.001308999956	0.421
A340T	0.95	1	Ala340Thr	A	T	0.42	1	0.08979000151	0.009	0.01	340	1	1	50	0.9785	0.7318515	0.58	0.902	0.953	0.732999	0.373663	0.196178	0.926819	0.633288109	0	1	0.873	0.375695	0.03	0.092	0.159	2.126	1	0.567	1.66	0.078	0	0	-0.99	-2.24000001	5.070000172	-0.549	0.477	10.51179981	0.808	0.062	-4.87	0.1224019974	0.433
A385V	0.03	1.9	Ala385Val	A	V	0.684	0.999983	0.5484600067	1	0.999	385	0.98	0.98	13.884	0.434	0.07578466667	0.316	0.423	0.668	0	0	0	0.745469	0.355372779	0	0	1	0.069142	0.945	0.647	0.159	3.86	1	0.003	2.935	0.731	1	1	-3.47	3.529999971	4.539999962	1.061	7.518	12.97070026	0.976	1.086	-5.33	2.00E-06	0.997
A444D	0.04	1.2	Ala444Asp	A	D	0.716	0.998276	0.2089399993	0.947	0.691	444	0.61	0.71	26.956	0.2048	0.1782256667	0.284	0.317	0.501	0	0	0	0.762886	0.469711033	0	1	0.8742	0.108973	0.719	0.402	0.159	3.226	0.998	0.028	2.56	0.562	1	1	-2.1	-0.1070000008	4.590000153	0.161	2.532	4.813600063	0.919	0.719	-5.23	0.02906900086	0.972
A444V	0.93	6.7	Ala444Val	A	V	0.739	0.999599	0.2223200053	0.028	0.025	444	1	1	86.366	0.4739	0.76624155	0.261	0.666	0.839	0.437709	0.246077	0.28465	0.979092	0.351772563	0.3	1	0.9548	0.477379	0.035	0.125	0.159	1.72	1	0.171	1.04	0.152	0	0	-0.22	-0.1070000008	4.590000153	0.161	2.532	4.813600063	0.812	0.218	-5.11	0.02906900086	0.829
A479T	0.2	4.3	Ala479Thr	A	T	0.821	0.999207	0.4634200037	0.998	0.971	479	1	1	32.014	0.7578	0.2383551667	0.179	0.6	0.791	0.521779	0.39955	0.305917	0.781573	0.596642751	0	1	0.8523	0.1709	0.607	0.267	0.159	2.056	0.999	0.112	2.35	0.476	0	0	-1.77	4.369999886	4.369999886	2.436	7.176	11.28569984	0.941	0.995	-5.22	1.00E-06	0.888
A480T	0.43	7.7	Ala480Thr	A	T	0.405	1	0.08979000151	0.038	0.014	480	1	1	97.451	0.9929	0.8159479833	0.595	0.903	0.947	1.145747	1.276342	1.548551	1.041327	0.732164179	0.3	1	0.8789	0.929505	0.002	0.079	0.159	-1.722	1	0.812	1.005	0.077	0	0	0.26	-0.7680000067	4.369999886	-0.174	0.114	4.809500217	0.812	0.408	-4.99	0.01430600043	0.188
A490T	0.58	6	Ala490Thr	A	T	0.56	1	0.08979000151	0.194	0.054	490	1	1	50	0.7456	0.4474756667	0.44	0.788	0.869	0.445453	0.171826	0.078584	0.781459	0.843369434	0	1	0.8534	0.462198	0.05	0.271	0.159	-0.103	1	0.299	1.465	0.213	0	0	-1.32	2.369999886	4.429999828	0.566	0.999	9.297599792	0.878	0.443	-5.18	0.00202200003	0.701
A493V	0.18	3.3	Ala493Val	A	V	0.907	0.999999	0.5881400108	1	0.997	493	1	1	11.402	0.3084	0.04090083333	0.093	0.173	0.367	0	0	0	0.397536	0.459518604	0	0	0.9216	0.008718	0.945	0.675	0.159	3.377	1	0.002	2.965	0.688	0	1	-3.69	4.429999828	4.429999828	2.472	7.358	16.16230011	0.98	1.057	-5.79	0	0.998
A547T	0.57	8.8	Ala547Thr	A	T	0.496	1	0.08979000151	0.014	0.019	547	1	1	90.222	0.7866	0.8008098167	0.504	0.919	0.966	0.576423	0.321262	0.071531	0.727955	0.929944959	0	1	0.918	0.564106	0.022	0.099	0.159	0.136	1	0.279	1.15	0.079	0	0	-1.25	-4.539999962	4.690000057	-0.905	0.547	4.958899975	0.82	0.267	-5.19	0.02475599945	0.721
A555T	0.97	8.8	Ala555Thr	A	T	0.506	0.999994	0.08979000151	0.033	0.007	555	1	1	96.993	0.8093	0.9295932683	0.494	0.904	0.958	1.066627	1.093948	1.185072	1.050781	0.931738767	0.3	1	0.9549	0.865324	0.001	0.067	0.159	-2.1	1	1	0.42	0.052	0	0	1.71	-3.99000001	4.690000057	-0.838	-0.12	7.264500141	0.683	0.09	-4.99	0.01063499972	0
A627V	0.08	0.1	Ala627Val	A	V	0.599	1	0.08979000151	0.015	0.012	627	0.98	0.98	91.104	0.8602	0.5476203167	0.401	0.873	0.931	0.373955	0	0	0.689535	0.697643344	0	1	0.8345	0.857207	0.052	0.169	0.159	0.818	1	0.168	1.99	0.119	1	0	-1.99	-7.420000076	4.690000057	-0.856	0.045	1.886700034	0.821	0.225	-5.15	0.7872480154	0.832
A628V	0.87	4.2	Ala628Val	A	V	0.574	1	0.08979000151	0.007	0.005	628	1	1	93.909	0.8914	0.8917380672	0.426	0.862	0.943	0.60452	0.414738	0.319595	0.821151	0.858435268	0.3	1	0.9194	0.828949	0.012	0.044	0.159	-0.674	1	0.233	0.485	0.157	0	0	0.85	-5.159999847	4.690000057	-0.742	-2.126	12.8682003	0.742	0.003	-4.99	0.8336359859	0.767
A633G	0.71	11.9	Ala633Gly	A	G	0.498	1	0.08979000151	0.669	0.192	633	1	1	71.355	0.7877	0.7062254833	0.502	0.841	0.904	0.893604	0.429737	0.3744	0.909745	0.195938061	0	1	0.8423	0.892229	0.02	0.201	0.159	0.417	1	0.347	2.285	0.103	0	0	-0.98	3.680000067	4.690000057	1.274	0.356	11.7446003	0.898	0.522	-5.1	0.8477680087	0.653
A681V	0.86	4.5	Ala681Val	A	V	0.492	1	0.08979000151	0.529	0.041	681	1	1	76.034	0.8883	0.7077611	0.508	0.858	0.926	0.496356	0.200713	0.161462	0.837467	0.847762428	0	1	0.9892	0.690816	0.011	0.151	0.159	-0.814	1	0.478	1.5	0.084	0	0	-0.83	-3.630000114	4.510000229	-0.413	-0.328	6.287899971	0.83	0.478	-5.1	0.6261730194	0.522
A740P	0.59	14.3	Ala740Pro	A	P	0.355	1	0.08979000151	0.553	0.102	740	0.98	0.98	62.701	0.9246	0.8334220717	0.645	0.733	0.836	0.955817	0.126428	0.659626	0.85369	0.102464105	0.3	0	0.9858	0.178867	0.658	0.397	0.159	3.146	1	0.014	1.245	0.256	0	1	-0.64	1.210000038	4.449999809	0.179	0.266	4.311200142	0.854	0.666	-5.49	0.5355989933	0.986
C273R	0.19	13.9	Cys273Arg	C	R	0.704	1	0.8103299737	0.973	0.877	273	1	1	10	0.535	0.202148	0.296	0.161	0.317	0.896968	0.820062	1.179527	0.816047	0.036011683	0	0	0.9437	0.333233	0.368	0.483	0.159	3.52	1	0.178	1.355	0.829	0	0	-1.31	5.03000021	5.03000021	2.129	7.858	13.76220036	0.92	1.007	-5.22	0	0.822
C509Y	0.37	2.5	Cys509Tyr	C	Y	0.378	0.68091	0.332159996	0.007	0.015	509	0.98	0.98	10	0.7411	0.7434220167	0.622	0.624	0.797	1.063078	0.965496	1.308008	1.012986	0.826708281	0	0	0.9902	0.077484	0.001	0.13	0.159	-1.07	0.681	1	0.895	0.167	0	0	-0.02	3.720000029	4.690000057	1.35	3.686	12.02330017	0.781	0.462	-5	1.00E-06	0
D211N	0.7	6.7	Asp211Asn	D	N	0.508	0.879566	0.3571099937	0.125	0.053	211	1	1	78.313	0.705	0.9048547	0.492	0.594	0.807	0.816151	0.641146	0.774652	0.901757	0.647083293	0	1	0.9446	0.793777	0.453	0.228	0.159	2.993	0.88	0.006	1.085	0.088	0	1	0.53	4.440000057	5.420000076	1.236	7.444	12.14760017	0.83	0.738	-4.62	0.008558000438	0.994
D306G	0.58	6	Asp306Gly	D	G	0.571	0.999527	0.4742499888	0.84	0.653	306	0.98	0.98	36.56	0.5241	0.406983	0.429	0.405	0.616	0.51075	0.075156	0.102082	0.873979	0.11125751	0	0	0.9443	0.427927	0.784	0.267	0.159	4.145	1	0.086	2.23	0.459	0	1	-4.35	5.03000021	5.03000021	2.129	9.128	13.76220036	0.915	1.013	-4.75	0.005807999987	0.914
D559H	0.07	1.2	Asp559His	D	H	0.907	1	0.8103299737	1	1	559	0.02	0.32	0	0.1043	0.006152333333	0.093	0.077	0.207	0	0	0	0.197112	0.0299272	0.3	0	0.9631	0.022997	0.919	0.806	0.159	3.829	1	0.001	3.685	0.962	1	1	-6.68	4.690000057	4.690000057	2.605	9.309	16.72730064	0.995	0.918	-7.27	0	0.999
D559N	0.04	2.9	Asp559Asn	D	N	0.913	1	0.8103299737	1	1	559	0.14	0.44	6.834	0.2452	0.03679516667	0.087	0.14	0.323	0	0	0	0.351533	0.113072133	0	0	0.9302	0.082669	0.853	0.668	0.159	4.41	1	0.022	3.685	0.355	1	1	-4.77	4.690000057	4.690000057	2.605	9.309	16.72730064	0.995	0.928	-7.25	0	0.978
D636N	0.69	8.6	Asp636Asn	D	N	0.354	1	0.08979000151	0.567	0.065	636	1	1	76.498	0.9821	0.8274103833	0.646	0.884	0.933	0.706278	0.202783	0.137374	0.675044	0.40980901	0	1	0.9373	0.788817	0.014	0.06	0.159	0.397	1	0.491	0.58	0.056	0	0	-0.06	-2.289999962	4.690000057	-0.198	0.576	1.05250001	0.843	0.455	-5.07	0.3503330052	0.509
D722N	0.93	12.5	Asp722Asn	D	N	0.667	0.98884	0.4083899856	0.977	0.666	722	0.98	0.98	49.8	0.7999	0.8928001333	0.333	0.725	0.858	0.833747	0.624254	0.457044	0.759234	0.336866103	1	1	0.8545	0.526379	0.487	0.125	0.159	3.022	0.989	0.067	1.77	0.075	0	0	-3.66	3.069999933	5.070000172	0.65	5.655	10.3373003	0.919	0.884	-5.25	1.70E-05	0.933
E251K	0.18	8.7	Glu251Lys	E	K	0.463	0.987414	0.2449299991	0.003	0.003	251	1	1	96.609	0.9236	0.95590017	0.537	0.954	0.985	1.054158	0.93122	0.969972	1.011198	0.626389402	1	1	0.9309	0.989478	0	0.053	0.159	-0.81	0.987	1	-0.95	0.093	0	0	0.54	2.920000076	5.420000076	0.873	1.486	4.553800106	0.758	0.037	-5.12	3.85E-04	0
E386K	0.03	1.8	Glu386Lys	E	K	0.743	0.999993	0.5881400108	1	0.999	386	0.67	0.77	3.002	0.3085	0.02975316667	0.257	0.236	0.459	0	0	0	0.454512	0.305449283	0	0	0.8686	0.080715	0.935	0.729	0.159	4.079	1	0.004	3.595	0.912	1	1	-3.68	3.539999962	4.539999962	2.353	7.641	11.87899971	0.981	1.037	-5.65	0	0.996
E421K	0.33	5.6	Glu421Lys	E	K	0.657	0.999952	0.5242900252	0.638	0.321	421	1	1	54.401	0.8318	0.84989825	0.343	0.259	0.492	0.788553	0.462229	0.594875	0.927904	0.394522942	1	1	0.9505	0.632797	0.472	0.15	0.159	2.893	1	0.083	1.56	0.482	0	0	-1.54	4.539999962	4.539999962	2.353	9.526	16.01519966	0.881	0.897	-5.12	2.00E-05	0.917
E608K	0.44	7.5	Glu608Lys	E	K	0.453	1	0.08979000151	0.007	0.005	608	1	1	96.062	0.9671	0.9912367131	0.547	0.897	0.955	0.970997	0.888435	1.030193	0.98851	0.694093139	1	1	0.9525	0.981813	0.001	0.107	0.159	-1.058	1	0.806	0.945	0.053	0	0	-0.57	-6.239999771	4.690000057	-1.056	-0.126	8.183699608	0.728	0.256	-5.04	0.7541530132	0.194
F192L	0.28	3.3	Phe192Leu	F	L	0.804	0.999006	0.4587100148	0.011	0.008	192	0.97	0.97	66.804	0.475	0.1500105	0.196	0.34	0.613	0	0	0	0.407431	0.72243266	0	0	0.7612	0.445664	0.304	0.124	0.159	3.786	0.999	0.079	2.455	0.347	0	0	-3.45	5.420000076	5.420000076	2.527	5.653	17.79260063	0.959	1.053	-5.67	0.004279000219	0.921
F198Y	0.44	3.2	Phe198Tyr	F	Y	0.912	0.999989	0.5484600067	0.595	0.347	198	1	1	47.64	0.7593	0.7343755333	0.088	0.25	0.428	0.655743	0.626274	0.647975	0.913231	0.254448392	1	0	0.8393	0.254321	0.807	0.36	0.159	5.003	1	0	1.765	0.671	0	1	-2.6	5.420000076	5.420000076	2.044	7.571	14.29269981	0.931	1.072	-5.38	0	1
F354S	0.07	1	Phe354Ser	F	S	0.871	0.999999	0.5881400108	1	1	354	0.84	0.84	5.155	0.0604	0.0336625	0.129	0.154	0.306	0	0	0	0.540219	0.071073128	0	0	0.3655	0.072899	0.897	0.862	0.159	4.206	1	0	3.695	0.884	1	1	-7.36	4.699999809	4.699999809	1.974	7.624	13.13140011	0.983	1.043	-5.69	0	1
F731V	0.76	12.4	Phe731Val	F	V	0.782	0.999973	0.5370200276	0.997	0.954	731	0.98	0.98	27.087	0.7792	0.142276	0.218	0.435	0.585	0.746844	0.468419	0.813161	0.354848	0.024128467	0	0	0.7008	0.179318	0.823	0.437	0.159	4.435	1	0.029	2.865	0.754	0	1	-2.87	5.070000172	5.070000172	2.041	7.904	13.96560001	0.958	1.098	-5.05	0	0.971
G183A	0.11	3.6	Gly183Ala	G	A	0.759	1	0.8103299737	0.976	0.812	183	0.92	0.92	13.983	0.3516	0.05405883333	0.241	0.15	0.31	0.278562	0	0	0.438785	0.17725921	0	0	0.8554	0.166992	0.787	0.592	0.159	4.663	1	0.076	3.665	0.7	0	1	-3.94	5.420000076	5.420000076	2.527	9.276	17.79260063	0.978	1.076	-5.44	0	0.924
G202R	0.4	10.9	Gly202Arg	G	R	0.667	0.931448	0.3698099852	0.845	0.421	202	0.98	0.98	43.224	0.5256	0.06531066667	0.333	0.239	0.428	0	0	0	0.958155	0.045039595	0	0	0.8969	0.266947	0.179	0.292	0.159	3.545	0.931	0.142	2.395	0.524	0	0	-0.94	5.420000076	5.420000076	2.527	4.83	12.22169971	0.922	1.009	-5.1	4.74E-04	0.858
G237D	0.06	3.3	Gly237Asp	G	D	0.916	1	0.8103299737	0.771	0.36	237	0.63	0.73	22.204	0.3295	0.2217491667	0.084	0.123	0.277	0.112696	0	0	0.669574	0.116663617	0	0	0.9053	0.25868	0.74	0.562	0.159	4.291	1	0.001	2.87	0.767	1	1	-6.77	5.269999981	5.269999981	2.45	9.246	17.45389938	0.945	1.119	-5.52	1.00E-06	0.999
G269D	0.89	15.3	Gly269Asp	G	D	0.626	0.518451	0.3185800016	0.947	0.773	269	0.98	0.98	35.616	0.517	0.153214	0.374	0.453	0.656	0.547403	0.076623	0.168937	0.781907	0.130576598	0	0	0.8954	0.35608	0.303	0.063	0.159	3.732	0.518	0.627	2.97	0.273	0	0	-0.72	4.170000076	5.179999828	2.713	5.147	14.0237999	0.946	1.095	-5.17	0.06850399822	0.373
G310A	0.68	10.9	Gly310Ala	G	A	0.616	0.923241	0.5881400108	0.515	0.248	310	1	1	60.321	0.4895	0.6057475	0.384	0.647	0.84	0.939819	0.908621	1.127909	1.056809	0.239255464	1	1	0.9466	0.491057	0.552	0.098	0.159	3.02	0.923	0.024	1.385	0.334	0	0	-1.24	5.03000021	5.03000021	2.636	5.005	17.14480019	0.837	0.841	-4.69	5.65E-04	0.976
G310V	0.06	2.9	Gly310Val	G	V	0.624	0.999999	0.3673099875	0.72	0.334	310	0.98	0.98	35.787	0.2936	0.02051783333	0.376	0.553	0.781	0	0	0	0.887711	0.276917737	1	0	0.9122	0.171051	0.784	0.342	0.159	3.217	1	0.004	2.63	0.458	1	1	-2.64	5.03000021	5.03000021	2.636	5.005	17.14480019	0.919	1.056	-4.86	5.65E-04	0.996
G351A	0.64	10.1	Gly351Ala	G	A	0.856	0.999885	0.5042899847	1	1	351	1	1	28.791	0.5617	0.2425	0.144	0.161	0.342	0.412731	0.37212	0.219531	0.841616	0.10313876	1	1	0.8593	0.104765	0.811	0.277	0.159	3.509	1	0.067	2.325	0.589	0	0	-5.21	4.699999809	4.699999809	2.439	6.04	16.37280083	0.952	1.088	-4.79	0	0.933
G399V	0.05	2.5	Gly399Val	G	V	0.89	1	0.8103299737	1	1	399	0.63	0.73	0	0.075	0.004524333333	0.11	0.087	0.186	0	0	0	0.406848	0.080139983	0	0	0.8002	0.043439	0.945	0.812	0.159	3.974	1	0	3.715	0.894	1	1	-8.79	4.539999962	4.539999962	2.353	9.48	16.01519966	0.981	1.047	-5.46	0	1
G426A	0.09	2.1	Gly426Ala	G	A	0.721	1	0.8103299737	1	1	426	0.98	0.98	27.464	0.5532	0.2792913333	0.279	0.378	0.629	0.454028	0.238745	0.290423	0.899049	0.102974617	1	1	0.889	0.088231	0.872	0.251	0.159	3.04	1	0.146	2.23	0.612	1	0	-3.44	4.539999962	4.539999962	2.353	7.674	16.01519966	0.959	1.075	-5.16	0	0.854
G462R	0.03	2.6	Gly462Arg	G	R	0.593	0.998994	0.4584999979	1	0.993	462	0.99	0.99	16.557	0.4979	0.05651283333	0.407	0.229	0.464	0.087207	0.045984	0.13382	0.901925	0.035761555	0	0	0.9899	0.072449	0.863	0.736	0.159	3.579	0.999	0.005	3.11	0.603	1	1	-3	3.299999952	4.269999981	1.161	7.619	11.45680046	0.962	1.094	-5.18	1.00E-06	0.995
G491A	0.67	9.8	Gly491Ala	G	A	0.379	1	0.08979000151	0.001	0.003	491	1	1	95.709	0.9318	0.9969629129	0.621	0.843	0.924	1.074904	1.082172	1.347084	1.086354	0.539733352	1	1	0.8526	0.864121	0.002	0.216	0.159	-1.849	1	0.692	-0.205	0.107	0	0	1.58	-0.9079999924	4.429999828	-0.294	-0.378	1.041900039	0.574	-0.015	-4.94	0.5123639703	0.308
G506E	0.55	5.7	Gly506Glu	G	E	0.636	1	0.08979000151	0.72	0.517	506	0.98	0.98	54.593	0.5011	0.3774003333	0.364	0.549	0.712	0.813377	0.124041	0.133549	0.904714	0.467984779	1	0	0.8318	0.597775	0.613	0.292	0.159	1.92	1	0.08	2.765	0.122	0	0	-2.46	3.450000048	4.429999828	1.216	3.118	7.420100212	0.908	0.686	-4.93	0.01508300006	0.92
G595R	0.82	11.1	Gly595Arg	G	R	0.592	0.999897	0.5062199831	0.999	0.971	595	1	1	37.515	0.5247	0.05296166667	0.408	0.621	0.827	0.19003	0.008877	0.031253	0.801454	0.037963592	0	0	0.9295	0.106719	0.791	0.237	0.159	2.778	1	0.16	2.69	0.633	0	0	-2.49	4.690000057	4.690000057	2.605	9.386	16.72730064	0.965	1.092	-5.1	0	0.84
G596C	1.02	7.3	Gly596Cys	G	C	0.629	0.999997	0.5881400108	1	1	596	1	1	18.155	0.6578	0.02151783333	0.371	0.399	0.612	0.477347	0	0.174911	0.722708	5.26E-05	1	0	0.967	0.079663	0.935	0.407	0.159	2.99	1	0.011	2.465	0.802	0	1	-2.94	4.690000057	4.690000057	2.605	9.386	16.72730064	0.967	1.095	-5.08	0	0.989
G741S	0.94	10.4	Gly741Ser	G	S	0.313	1	0.08979000151	0.016	0.006	741	0.88	0.88	90.232	0.9894	0.931276005	0.687	0.836	0.928	0.976481	0.678649	0.923548	0.808168	0.003900992	1	0	0.8918	0.325567	0.63	0.181	0.159	4.115	1	0	1.935	0.092	0	0	0.56	3.849999905	4.820000172	1.344	3.508	9.4666996	0.868	0.572	-5.42	0.08783899993	1
H408Y	0.04	2.2	His408Tyr	H	Y	0.874	0.99998	0.5484600067	0.997	0.924	408	0.98	0.98	15.907	0.5104	0.091346	0.126	0.174	0.405	0	0	0	0.559442	0.085941059	1	0	0.8273	0.053209	0.892	0.314	0.159	3.486	1	0.001	3.55	0.528	1	1	-5.09	4.539999962	4.539999962	2.353	4.516	11.28390026	0.968	1.085	-5.28	1.00E-06	0.999
H695Y	0.45	12	His695Tyr	H	Y	0.506	0.585847	0.3239499927	0.777	0.284	695	0.98	0.98	54.625	0.8187	0.8310217667	0.494	0.839	0.913	0.95319	0.549551	1.194246	0.961146	0.107302607	1	1	0.9581	0.764617	0.502	0.12	0.159	2.624	0.586	0.027	1.95	0.101	0	1	-0.94	2.920000076	5.03000021	2.52	2.102	7.231500149	0.86	0.918	-5.02	0.1193199977	0.973
I154T	0.04	3.1	Ile154Thr	I	T	0.855	0.999718	0.4850299954	0.99	0.906	154	0.8	0.8	4.302	0.2017	0.021344	0.145	0.098	0.247	0	0	0	0.372883	0.277574892	0	0	0.5084	0.073501	0.84	0.653	0.159	4.589	1	0.001	3.615	0.862	1	1	-4.62	4.300000191	4.300000191	1.914	7.69	12.71170044	0.98	1.059	-5.76	0	0.999
I290V	0.21	3.5	Ile290Val	I	V	0.396	1	0.08979000151	0	0.002	290	1	1	94.784	0.9862	0.9995235999	0.604	0.969	0.988	1.131239	1.131142	1.368626	0.96257	0.825280551	1	1	0.9556	0.877349	0.023	0.036	0.159	-0.32	1	0.296	-1.23	0.055	0	0	0.62	-10.10000038	5.03000021	-3.375	-0.667	6.548600197	0.623	0.043	-4.57	0.1538749933	0.704
I291L	1.08	20.4	Ile291Leu	I	L	0.701	0.998334	0.2219800055	0.549	0.218	291	1	1	61.244	0.5612	0.8308578	0.299	0.865	0.923	0.563469	0.381273	0.246963	0.730357	0.600750563	0	1	0.8518	0.342552	0.326	0.152	0.159	1.954	0.998	0.008	1.4	0.212	0	1	-1.87	-3.099999905	5.03000021	-0.47	2.314	2.75270009	0.879	0.612	-5.3	3.22E-04	0.992
I300T	0.92	24.2	Ile300Thr	I	T	0.59	0.982837	0.2490600049	0.002	0.003	300	1	1	95.359	0.9649	0.9568864567	0.41	0.969	0.985	1.028107	1.041047	1.263138	0.92243	0.448732517	0	1	0.7893	0.870284	0.001	0.011	0.159	0.072	0.983	0.507	-0.565	0.065	0	0	-1.78	0.5019999743	5.03000021	0.039	0.445	4.641799927	0.655	-0.113	-4.66	0.1280609965	0.493
I308T	0.34	5.8	Ile308Thr	I	T	0.684	0.999233	0.4642199874	0.974	0.756	308	0.95	0.95	14.985	0.3575	0.04028633333	0.316	0.489	0.731	0	0	0	0.737108	0.244854242	0	0	0.6153	0.175109	0.732	0.453	0.159	3.877	0.999	0.001	3.02	0.663	0	1	-4.09	5.03000021	5.03000021	2.129	6.118	13.76220036	0.956	1.093	-4.9	2.05E-04	0.999
I366M	0.59	9.7	Ile366Met	I	M	0.662	0.999999	0.08979000151	0.097	0.051	366	1	1	82.8	0.9507	0.9589856839	0.338	0.878	0.958	0.498689	0.350587	0.328372	1.015759	0.686392639	0	1	0.7698	0.79979	0.028	0.168	0.159	-2.707	1	0.82	0.795	0.155	0	0	-0.15	-2.869999886	4.699999809	-1.208	-0.577	8.242899895	0.812	0.239	-5.26	0.01740900055	0.18
K729Q	0.9	11.7	Lys729Gln	K	Q	0.568	0.990195	0.2417699993	0.884	0.462	729	1	1	56.168	0.9731	0.95594577	0.432	0.849	0.907	0.960284	0.763526	1.065277	0.891528	0.567813633	1	1	0.9918	0.745077	0.37	0.216	0.159	2.21	0.99	0.231	2.02	0.189	0	0	-0.71	2.529999971	5.070000172	0.245	3.135	5.65719986	0.877	0.525	-5.08	0.02074800059	0.769
K729R	0.08	2.9	Lys729Arg	K	R	0.529	0.992721	0.2381000072	0.007	0.011	729	1	1	96.492	0.9854	0.9926886822	0.471	0.943	0.964	1.064647	1.014758	1.268225	1.065591	0.542760667	1	1	0.9736	0.948444	0.008	0.039	0.159	1.441	0.993	0.566	0.915	0.065	1	0	-0.18	0.6570000052	5.070000172	0.029	0.935	8.385499954	0.82	0.268	-5.04	0.02074800059	0.434
L281P	0.06	2.8	Leu281Pro	L	P	0.804	1	0.8103299737	0.995	0.9	281	0.82	0.82	0	0.1146	0.001859666667	0.196	0.038	0.074	0	0	0	0.377843	0.01424604	0	0	0.3803	0.020592	0.884	0.649	0.159	4.436	1	0.001	3.565	0.967	1	1	-6.17	5.03000021	5.03000021	2.129	7.858	13.76220036	0.987	1.019	-6.15	0.01510700025	0.999
L294F	0.96	8.8	Leu294Phe	L	F	0.647	0.992853	0.4176500142	0.986	0.907	294	1	1	37.808	0.6943	0.05748583333	0.353	0.757	0.888	0.186459	0	0	0.755065	0.222588875	0	1	0.9247	0.267999	0.691	0.333	0.159	3.072	0.993	0.042	2.995	0.352	0	0	-1.8	3.910000086	4.900000095	1.264	2.357	13.22249985	0.95	1.081	-4.61	8.00E-06	0.958
L327F	0.09	4.7	Leu327Phe	L	F	0.752	0.999949	0.5199999809	1	1	327	0.98	0.98	18.028	0.4736	0.04762466667	0.248	0.322	0.554	0	0	0	0.62091	0.246734348	0	1	0.8291	0.01473	0.935	0.29	0.159	3.225	1	0.007	2.97	0.643	1	1	-3.19	5.070000172	5.070000172	2.641	5.885	10.7177	0.957	1.073	-4.79	1.00E-06	0.993
L349F	0.08	2.7	Leu349Phe	L	F	0.741	0.99824	0.4468399882	0.036	0.037	349	0.93	0.93	66.252	0.5234	0.3024358333	0.259	0.36	0.637	0.20589	0.11731	0	0.860984	0.436768902	0	1	0.8554	0.467909	0.356	0.33	0.159	1.945	0.998	0.037	1.585	0.391	1	0	-2.02	3.710000038	4.699999809	2.439	2.738	6.030099869	0.839	0.554	-4.67	5.00E-05	0.963
L496P	0.05	2.6	Leu496Pro	L	P	0.803	1	0.8103299737	0.999	0.985	496	0.98	0.98	12.989	0.5442	0.0215735	0.197	0.201	0.403	0	0	0	0.701869	0.001098118	0	0	0.6546	0.200962	0.817	0.672	0.159	1.83	1	0.081	3.255	0.78	1	1	-3.63	4.429999828	4.429999828	1.999	4.545	12.95510006	0.968	1.089	-5.21	2.40E-05	0.919
L542P	0.05	4.7	Leu542Pro	L	P	0.773	1	0.8103299737	0.999	0.989	542	0.98	0.98	15.463	0.4651	0.008083666667	0.227	0.338	0.602	0.246576	0	0	0.506032	0.000872985	0	0	0.6119	0.13663	0.808	0.64	0.159	2.64	1	0.026	3.42	0.753	1	1	-3.58	4.690000057	4.690000057	2.105	5.719	13.41870022	0.976	1.077	-5.38	1.00E-06	0.974
L542R	0.47	6.8	Leu542Arg	L	R	0.776	0.998783	0.4545300007	0.998	0.977	542	0.98	0.98	24.898	0.5636	0.03199266667	0.224	0.461	0.749	0.540801	0.029787	0	0.606686	0.0006979	0	0	0.8829	0.155268	0.439	0.404	0.159	2.636	0.999	0.044	3.42	0.517	0	1	-2.82	4.690000057	4.690000057	2.105	5.719	13.41870022	0.972	1.085	-5.35	1.00E-06	0.956
L563H	0.07	2.2	Leu563His	L	H	0.773	0.624407	0.3073099852	0.987	0.819	563	0.98	0.98	15.907	0.4237	0.1300926667	0.227	0.27	0.51	0	0	0	0.873454	0.019152863	0	0	0.822	0.10717	0.82	0.666	0.159	3.914	0.624	0.001	1.915	0.606	1	1	-4.85	4.690000057	4.690000057	2.105	7.617	13.41870022	0.941	1.065	-5.23	0.001697	0.999
L710V	0.94	14.7	Leu710Val	L	V	0.332	1	0.08979000151	0.064	0.059	710	1	1	92.398	0.7477	0.8988326	0.668	0.913	0.946	0.662204	0.090238	0.208022	0.840322	0.910050572	0	1	0.8997	0.945588	0.029	0.186	0.159	-0.825	1	0.5	2.125	0.06	0	0	-0.28	-1.980000019	5.03000021	-0.212	0.279	5.84800005	0.825	0.232	-5.01	0.4775359929	0.5
M204I	0.23	6.1	Met204Ile	M	I	0.902	1	0.8103299737	0.023	0.021	204	0.13	0.43	47.219	0.2723	0.06335733333	0.098	0.244	0.469	0	0	0	0.835423	0.7524285	0	0	0.8334	0.313242	0.46	0.659	0.159	3.794	1	0.002	3.64	0.775	0	1	-3.73	5.420000076	5.420000076	2.527	9.276	17.79260063	0.964	1.045	-5.53	0	0.998
M338I	0.59	5.1	Met338Ile	M	I	0.703	0.999999	0.5881400108	0.497	0.144	338	1	1	30	0.5873	0.344972	0.297	0.391	0.62	0.46636	0.363314	0.280609	0.569912	0.66343915	0	1	0.8363	0.373215	0.669	0.162	0.159	3.402	1	0.102	1.705	0.714	0	0	-2.9	5.070000172	5.070000172	2.641	9.589	17.16449928	0.824	0.746	-4.14	1.00E-06	0.898
N190S	0.69	8	Asn190Ser	N	S	0.649	1	0.08979000151	0.068	0.022	190	1	1	80.765	0.7107	0.894741085	0.351	0.82	0.94	0.817785	0.608779	0.746815	0.89371	0.825737543	1	1	0.9381	0.856005	0.369	0.127	0.159	1.679	1	0.08	0.815	0.044	0	1	-1.23	5.420000076	5.420000076	2.044	6.799	9.673199654	0.86	0.471	-5.12	8.70E-05	0.92
N261S	0.72	3	Asn261Ser	N	S	0.629	0.674214	0.3315500021	0.036	0.017	261	0.98	0.98	85.596	0.7608	0.8595369	0.371	0.879	0.94	0.811949	0.42877	0.649294	0.876088	0.783290021	1	1	0.8589	0.871336	0.256	0.051	0.159	1.916	0.674	0.128	1.38	0.088	0	0	-2.66	1.720000029	5.179999828	0.1	1.564	1.484899998	0.853	0.425	-4.76	0.04551000148	0.872
N435T	0.3	4.8	Asn435Thr	N	T	0.75	0.999989	0.5484600067	1	0.995	435	0.98	0.98	27.822	0.5909	0.490789	0.25	0.259	0.461	0.741203	0.07407	0.274385	0.658356	0.133141115	1	1	0.9651	0.509394	0.935	0.534	0.159	4.12	1	0.007	2.705	0.245	0	1	-4.84	4.590000153	4.590000153	1.934	9.011	12.93719959	0.96	1.097	-5.15	0	0.993
N503S	0.33	4	Asn503Ser	N	S	0.785	0.999975	0.5370200276	0.998	0.953	503	0.98	0.98	30.373	0.737	0.6151974667	0.215	0.351	0.556	0.652409	0.40864	0.39561	0.883626	0.085920889	0	0	0.88	0.19495	0.845	0.481	0.159	3.141	1	0.005	2.165	0.145	0	0	-3.77	4.429999828	4.429999828	1.999	8.776	12.95510006	0.949	1.037	-5.1	0	0.995
N513S	0.05	1.7	Asn513Ser	N	S	0.436	0.999735	0.4865700006	0.992	0.921	513	1	1	41.597	0.5118	0.6398037	0.564	0.524	0.719	0.759546	0.533863	0.851457	0.845205	0.086329409	0	1	0.8956	0.098903	0.83	0.272	0.159	3.4	1	0.03	2.43	0.16	1	0	-1.87	4.690000057	4.690000057	2.105	8.776	13.41870022	0.929	1	-5	0	0.97
P118S	0.5	7.1	Pro118Ser	P	S	0.462	0.753688	0.3394199908	0.483	0.084	118	1	1	72.761	0.9229	0.6101182167	0.538	0.777	0.881	0.986939	0.842278	0.863633	0.871509	0.630964982	1	1	0.9065	0.73155	0.004	0.911	0.159	2.602	0.754	0.448	0.695	0.189	0	0	-0.7	5.46999979	5.46999979	2.563	2.685	17.9048996	0.867	1.025	-5.32	NA	0.552
P216R	0.57	2.8	Pro216Arg	P	R	0.479	0.999996	0.08979000151	0	0	216	1	1	95.172	0.8929	0.823501545	0.521	0.939	0.975	0.938798	0.881968	0.939789	1.024676	0.999251067	1	1	0.949	1.276251	0.004	0.067	0.159	-1.452	1	0.566	-0.345	0.058	0	0	-0.05	-10.80000019	5.420000076	-2.073	-1.839	4.708499908	0.605	-0.142	-4.75	0.9878829718	0.434
P216S	0.67	5.5	Pro216Ser	P	S	0.489	1	0.08979000151	0	0.002	216	1	1	95.701	0.888	0.8984999333	0.511	0.917	0.965	0.958276	0.757498	0.93342	0.937512	0.81423206	1	1	0.9717	1.35678	0.002	0.091	0.159	-1.71	1	0.616	0.14	0.062	0	0	0.28	0.5260000229	5.420000076	0.247	1.362	3.020200014	0.683	-0.029	-4.73	0.9878829718	0.384
P243S	0.21	5.1	Pro243Ser	P	S	0.915	1	0.8103299737	1	1	243	0.65	0.75	1.452	0.1749	0.008978	0.085	0.203	0.447	0	0	0	0.507268	0.168833717	0	0	0.6466	1.00E-06	0.945	0.434	0.159	3.798	1	0	3.185	0.938	0	1	-7.7	5.269999981	5.269999981	2.45	7.307	17.45389938	0.962	1.104	-4.55	0	1
P283L	1.19	5.7	Pro283Leu	P	L	0.665	1	0.8103299737	0.731	0.277	283	0.84	0.84	12.507	0.2788	0.006217666667	0.335	0.286	0.472	0	0	0	0.395153	0.505223238	1	0	0.7779	0.054712	0.603	0.525	0.159	4.045	1	0.019	3.64	0.873	0	1	-7.72	5.03000021	5.03000021	2.636	7.642	17.14480019	0.966	1.134	-5.72	1.06E-04	0.981
P374S	0.77	12.7	Pro374Ser	P	S	0.864	1	0.8103299737	1	1	374	0.98	0.98	13.953	0.2639	0.01762633333	0.136	0.258	0.474	0.584412	0	0	0.576085	0.037681108	0	0	0.7464	0.207726	0.945	0.579	0.159	2.709	1	0	3.07	0.558	0	1	-7.81	4.539999962	4.539999962	2.353	7.518	16.01519966	0.977	1.072	-5.38	0	1
P445S	0.04	1.1	Pro445Ser	P	S	0.784	0.999894	0.5062199831	1	0.997	445	0.98	0.98	22.633	0.3365	0.02695566667	0.216	0.203	0.363	0.072513	0	0	0.725236	0.016780565	0	1	0.68	0.059973	0.787	0.537	0.159	2.431	1	0.515	3.405	0.691	1	0	-5.41	3.619999886	4.590000153	1.147	7.548	11.35330009	0.969	1.083	-5.4	1.00E-06	0.485
P488L	0.39	7.5	Pro488Leu	P	L	0.62	1	0.08979000151	0.874	0.136	488	1	1	54.921	0.7892	0.2457616667	0.38	0.749	0.845	0.598469	0	0	0.614339	0.339878135	0	1	0.9494	0.53149	0.144	0.487	0.159	0.603	1	0.199	2.585	0.211	0	0	-2.29	-6.590000153	4.429999828	-0.786	0.016	9.55340004	0.883	0.62	-5.08	0.09354200214	0.801
P673S	0.25	4.5	Pro673Ser	P	S	0.696	0.999795	0.2032099962	0.92	0.551	673	0.98	0.98	38.163	0.6398	0.02163433333	0.304	0.497	0.736	0.179126	0	0	0.517514	0.040759492	0	0	0.9898	0.110927	0.768	0.298	0.159	2.114	1	0.005	3.51	0.33	0	1	-5.13	4.539999962	4.539999962	2.524	3.958	11.52779961	0.95	0.895	-5.18	1.77E-04	0.995
P736L	0.73	14.5	Pro736Leu	P	L	0.486	0.999995	0.5881400108	0.999	0.859	736	0.98	0.98	35.787	0.8107	0.2883681667	0.514	0.688	0.863	0.873416	0.142646	0.277357	0.450998	0.093429897	1	0	0.9918	0.262588	0.834	0.146	0.159	4.272	1	0.007	2.765	0.461	0	1	-3.15	5.070000172	5.070000172	2.524	5.794	17.3987999	0.941	1.101	-5.37	2.79E-04	0.993
Q222E	0.47	3.1	Gln222Glu	Q	E	0.877	0.999392	0.4691700041	0.768	0.289	222	0.65	0.75	40.239	0.3964	0.1633956667	0.123	0.661	0.789	0	0	0	0.435222	0.293131607	0	0	0.7455	0.136029	0.368	0.161	0.159	3.528	0.999	0.018	3.56	0.262	0	0	-1.92	4.420000076	5.420000076	1.222	3.597	14.60779953	0.945	1.028	-5.25	2.00E-06	0.982
Q355K	0.65	11.2	Gln355Lys	Q	K	0.606	0.836204	0.2866899967	0.837	0.416	355	0.98	0.98	56.58	0.8091	0.540515	0.394	0.543	0.706	0.482208	0.175427	0.360096	0.763693	0.4719443	0	1	0.9934	0.3657	0.034	0.186	0.159	2.379	0.836	0.289	1.905	0.28	0	0	-0.64	4.699999809	4.699999809	2.439	2.229	11.59200001	0.865	0.631	-4.58	0.01217500027	0.711
Q398K	0.5	1.6	Gln398Lys	Q	K	0.601	0.930725	0.2703799903	0.061	0.053	398	0.98	0.98	78.576	0.6572	0.90575045	0.399	0.612	0.758	0.762825	0.464284	0.727515	0.941524	0.722001245	0.3	0	0.971	0.782204	0.413	0.342	0.159	2.287	0.931	0.01	1.795	0.229	0	1	-0.87	1.24000001	4.539999962	0.539	3.215	5.479700089	0.865	0.606	-5.11	0.08941499889	0.99
Q524R	0.86	9	Gln524Arg	Q	R	0.636	0.997601	0.225669995	0.007	0.01	524	1	1	94.964	0.85	0.8311200667	0.364	0.618	0.753	1.050615	1.12617	1.282431	0.921236	0.961635633	1	1	0.9986	0.915827	0.004	0.193	0.159	0.781	0.998	0.404	1.62	0.105	0	0	-0.31	3.529999971	4.690000057	2.105	0.316	6.062900066	0.797	0.017	-5.01	3.33E-04	0.596
Q640R	0.79	13.1	Gln640Arg	Q	R	0.528	0.908491	0.2753100097	0.023	0.008	640	1	1	89.444	0.7766	0.7830958833	0.472	0.648	0.803	1.033016	0.984528	1.210824	1.038421	0.975865783	0	0	0.8995	0.640764	0.021	0.067	0.159	2.373	0.908	0.036	1.635	0.167	0	0	-0.75	3.609999895	4.690000057	0.941	0.916	3.970200062	0.81	0.195	-5	0.03304800019	0.964
Q645P	0.05	3.9	Gln645Pro	Q	P	0.864	0.999995	0.5881400108	1	0.999	645	0.56	0.65	3.1	0.1675	0.0049235	0.136	0.054	0.11	0	0	0	0.511379	0.062126292	0	0	0.7436	0.114835	0.945	0.658	0.159	4.016	1	0	3.545	0.93	1	1	-5.73	4.539999962	4.539999962	2.041	8.974	13.15470028	0.978	1.068	-5.34	0	1
Q688R	0.67	6.2	Gln688Arg	Q	R	0.324	1	0.08979000151	0	0.001	688	1	1	96.504	0.9898	0.9334533217	0.676	0.922	0.953	0.962432	0.792032	0.900109	0.937098	0.975828383	1	1	0.9575	0.931009	0.003	0.081	0.159	-0.328	1	0.515	0.27	0.05	0	0	-0.67	-1.139999986	5.03000021	-0.175	1.055	6.674799919	0.773	0.083	-5.01	0.07782600075	0.485
Q703H	0.46	11.2	Gln703His	Q	H	0.508	1	0.08979000151	0.873	0.601	703	1	1	58.315	0.9348	0.7247675	0.492	0.813	0.867	0.719208	0	0.119094	0.79357	0.175338387	0.3	1	0.9423	0.632046	0.65	0.115	0.159	1.724	1	0.098	1.15	0.139	0	0	-2.21	-0.1360000074	5.03000021	-0.154	0.884	1.45570004	0.891	0.59	-5.07	0.1620829999	0.902
Q718H	0.81	9	Gln718His	Q	H	0.472	0.544465	0.3206200004	0.013	0.012	718	1	1	86.678	0.9348	0.471928	0.528	0.839	0.89	0.811019	0.198217	0.289751	0.912588	0.719424533	1	1	0.8977	0.768375	0.297	0.374	0.159	1.284	0.544	0.08	1.52	0.115	0	1	-1.75	3.019999981	5.070000172	1.261	0.611	11.60340023	0.903	1.107	-5.09	3.93E-04	0.92
R152Q	0.35	7.1	Arg152Gln	R	Q	0.675	0.999996	0.08979000151	0.507	0.062	152	1	1	69.178	0.8545	0.946938125	0.325	0.749	0.932	0.820541	0.522391	0.367267	0.74823	0.603806612	1	1	0.8855	0.802946	0.017	0.052	0.159	2.587	1	0.202	1.1	0.111	0	0	-2.02	-5.489999771	4.300000191	-1.119	0.127	15.26309967	0.788	-0.037	-4.67	0.4363049865	0.798
R228Q	0.53	6.4	Arg228Gln	R	Q	0.651	0.538874	0.3201799989	0.14	0.027	228	1	1	86.486	0.9659	0.95673346	0.349	0.893	0.945	0.943149	0.773606	0.862861	1.002359	0.562276262	1	1	0.9066	0.912521	0.005	0.181	0.159	0.232	0.539	0.661	0.865	0.092	0	0	0.05	0.9430000186	5.179999828	0.566	1.634	8.188899994	0.78	0.388	-5.25	0.002411999973	0.339
R228W	0.16	0.8	Arg228Trp	R	W	0.747	0.948716	0.3761399984	1	0.908	228	0.99	0.99	14.702	0.5779	0.02377266667	0.253	0.779	0.893	0.1332	0	0	1.19188	0.447957587	1	0	0.7315	0.226665	0.389	0.603	0.159	2.909	0.949	0.003	2.93	0.357	0	1	-4.33	4.210000038	5.179999828	1.17	3.237	12.66539955	0.968	1.12	-5.41	0.002411999973	0.997
R297Q	1.05	17.2	Arg297Gln	R	Q	0.599	0.807216	0.290199995	0.928	0.334	297	1	1	53.433	0.9153	0.8524277167	0.401	0.877	0.942	0.889164	0.73251	0.875507	0.883477	0.307488158	1	1	0.926	0.605141	0.224	0.249	0.159	2.512	0.807	0.108	1.59	0.194	0	0	-0.94	4.059999943	5.03000021	1.371	3.674	9.481599808	0.872	0.59	-5.16	0.9871309996	0.892
R375C	0.25	2.3	Arg375Cys	R	C	0.668	0.999999	0.08979000151	0.996	0.867	375	1	1	36.377	0.7222	0.09678666667	0.332	0.719	0.878	0.639917	0	0	0.60115	0.034123053	1	0	0.7732	0.499324	0.386	0.45	0.159	0.586	1	0.187	2.485	0.3	0	0	-1.24	2.390000105	4.539999962	0.449	0.46	7.7427001	0.951	0.789	-5.22	0.3458040059	0.813
R375H	0.4	6.4	Arg375His	R	H	0.671	1	0.08979000151	0.989	0.704	375	1	1	53.306	0.899	0.4880906667	0.329	0.879	0.946	0.756212	0.051132	0.240236	0.968282	0.126366579	1	1	0.9393	0.667218	0.01	0.233	0.159	0.179	1	0.563	2.485	0.19	0	0	-0.82	-5.050000191	4.539999962	-0.688	0.925	0.8892999887	0.905	0.545	-5.2	0.3458040059	0.437
R377C	0.15	4.8	Arg377Cys	R	C	0.714	0.999942	0.5199999809	1	0.964	377	0.99	0.99	11.744	0.3743	0.01702433333	0.286	0.539	0.79	0	0	0	0.476086	0.333874599	0.3	0	0.8692	0.140839	0.434	0.769	0.159	1.837	1	0.001	3.27	0.583	0	1	-6.22	3.569999933	4.539999962	1.131	0.702	7.624700069	0.97	1.103	-5.3	5.90E-05	0.999
R377H	0.06	3.6	Arg377His	R	H	0.721	0.985228	0.4025200009	0.495	0.148	377	1	1	60.914	0.6044	0.5302723333	0.279	0.751	0.878	0.712679	0.495516	0.510576	1.00254	0.423095511	0	0	0.9381	0.474372	0.363	0.402	0.159	1.475	0.985	0.083	2.295	0.324	1	1	-3.07	2.430000067	4.539999962	0.474	6.485	7.867099762	0.885	0.724	-5.26	5.90E-05	0.917
R393H	0.85	14.5	Arg393His	R	H	0.592	1	0.08979000151	0.048	0.017	393	0.98	0.98	81.601	0.882	0.60171665	0.408	0.879	0.924	0.434092	0	0	0.646348	0.609638797	1	1	0.9381	0.859312	0.053	0.184	0.159	-0.387	1	0.197	2.505	0.174	0	0	-2.78	-1.100000024	4.539999962	-0.31	0.733	1.671700001	0.866	0.342	-5.27	0.2123149931	0.803
R431C	0.05	2.1	Arg431Cys	R	C	0.652	0.998774	0.4543499947	1	0.945	431	1	1	17.553	0.5082	0.05510616667	0.348	0.495	0.745	0.217454	0	0	0.411237	0.187308809	1	0	0.8801	0.177815	0.884	0.458	0.159	3.075	0.999	0.002	3.165	0.559	1	1	-5.18	4.539999962	4.539999962	2.353	1.574	11.97469997	0.961	1.083	-5.26	0.007822999731	0.998
R464Q	0.03	1.5	Arg464Gln	R	Q	0.652	0.987124	0.4053899944	0.973	0.434	464	1	1	47.589	0.5703	0.6646253333	0.348	0.603	0.797	0.582439	0.16529	0.138185	0.758945	0.334080949	0	1	0.922	0.42462	0.38	0.404	0.159	3.044	0.987	0.121	1.715	0.179	1	1	-3.05	3.289999962	4.269999981	1.161	5.327	11.27289963	0.913	0.922	-5.17	2.00E-06	0.879
R481W	0.09	1.4	Arg481Trp	R	W	0.749	0.978957	0.3950999975	0.999	0.861	481	0.61	0.71	7.578	0.2922	0.018854	0.251	0.344	0.585	0	0	0	0.382179	0.216430646	0	0	0.8274	0.021945	0.882	0.614	0.159	2.189	0.979	0	3.325	0.599	1	1	-6.64	3.359999895	4.369999886	1.146	4.431	10.69659996	0.965	1.101	-5.26	4.40E-05	1
R499Q	0.53	10.5	Arg499Gln	R	Q	0.602	1	0.08979000151	0.53	0.048	499	1	1	76.422	0.928	0.9227251833	0.398	0.748	0.905	0.90032	0.666748	0.737873	1.007208	0.422571953	1	0	0.881	0.837216	0.058	0.127	0.159	0.399	1	0.286	1.505	0.12	0	1	-1.03	1.309999943	4.429999828	0.603	1.261	7.493599892	0.841	0.477	-5.05	0.01351500023	0.714
R499W	0.25	1.7	Arg499Trp	R	W	0.686	1	0.08979000151	1	0.956	499	0.98	0.98	23.18	0.6659	0.1918346667	0.314	0.518	0.795	0.251389	0	0	0.833415	0.27112864	0	0	0.7459	0.272358	0.823	0.404	0.159	1.506	1	0.003	3.005	0.601	0	1	-4.7	-3.299999952	4.429999828	-0.289	0.172	10.8682003	0.948	0.905	-5.15	0.01351500023	0.997
R514C	0.51	8.2	Arg514Cys	R	C	0.6	1	0.8103299737	0.999	0.908	514	1	1	18.307	0.5618	0.1386938333	0.4	0.548	0.768	0.611271	0.180677	0.410398	0.663388	0.471861412	1	0	0.9016	0.443259	0.762	0.536	0.159	4.032	1	0.014	2.67	0.354	0	1	-2.13	4.690000057	4.690000057	2.605	5.659	16.72730064	0.956	1.096	-5.11	0.02420900017	0.986
R514H	0.96	11.2	Arg514His	R	H	0.578	0.982158	0.3985599875	0.017	0.007	514	1	1	85.658	0.8451	0.97064902	0.422	0.847	0.941	0.935727	0.76633	0.718583	0.867707	0.596190583	1	1	0.9421	0.932211	0.01	0.025	0.159	0.69	0.982	0.422	0.425	0.129	0	0	-0.22	-3.940000057	4.690000057	-0.815	-0.508	11.67329979	0.815	-0.143	-5.07	0.02420900017	0.578
R533Q	0.56	9.4	Arg533Gln	R	Q	0.436	0.934623	0.269389987	0.068	0.009	533	1	1	30	0.8116	0.94685505	0.564	0.825	0.919	0.600342	0.124623	0.420071	0.758303	0.49971827	0	0	0.6973	0.642567	0.004	0.232	0.159	0.168	0.935	0.347	1.7	0.2	0	0	-0.35	0.5299999714	4.690000057	0.312	0.835	4.560500145	0.793	0.096	-5.02	6.61E-04	0.653
R541Q	0.4	5.6	Arg541Gln	R	Q	0.52	0.563005	0.3122099936	0.988	0.613	541	1	1	48.441	0.9904	0.9325402833	0.48	0.871	0.944	0.836051	0.753408	0.759852	0.868482	0.325919567	0.3	1	0.8916	0.742522	0.036	0.29	0.159	2.496	0.563	0.544	1.85	0.279	0	0	0.21	2.690000057	4.690000057	0.707	2.709	9.892399788	0.891	0.845	-5.03	0.0105659999	0.456
R557C	0.48	8.6	Arg557Cys	R	C	0.768	1	0.8103299737	1	0.938	557	0.99	0.99	19.923	0.446	0.02412616667	0.232	0.603	0.795	0.279899	0	0	0.498214	0.424932502	0	0	0.778	0.167744	0.399	0.717	0.159	3.39	1	0.001	3.4	0.29	0	1	-5.89	3.710000038	4.690000057	1.33	1.684	12.36270046	0.971	1.091	-5.33	6.30E-05	0.999
R557L	0.48	5	Arg557Leu	R	L	0.718	0.998687	0.4528700113	0.064	0.066	557	0.98	0.98	69.899	0.4823	0.5946818333	0.282	0.656	0.834	0.571561	0.385976	0.339486	0.593529	0.46449091	0	0	0.8955	0.516609	0.259	0.326	0.159	1.587	0.999	0.089	2.08	0.219	0	0	-4.66	2.599999905	4.690000057	0.644	1.971	11.6967001	0.89	0.725	-5.27	6.30E-05	0.911
R615C	0.17	4.8	Arg615Cys	R	C	0.609	1	0.08979000151	0.998	0.761	615	0.98	0.98	36.197	0.6381	0.1376923333	0.391	0.748	0.893	0.137686	0	0	0.862008	0.17742746	0.3	1	0.7779	0.340448	0.74	0.134	0.159	2.289	1	0.051	2.565	0.295	0	1	-2.33	3.650000095	4.690000057	2.605	3.742	9.528599739	0.926	0.68	-5.09	0.03593400121	0.949
R626G	0.26	7.5	Arg626Gly	R	G	0.786	0.431031	0.311740011	0.996	0.926	626	0.89	0.89	13.569	0.2342	0.058225	0.214	0.523	0.691	0.088019	0	0	0.490062	0.087883678	0	0	0.7518	0.138885	0.713	0.604	0.159	1.805	0.569	0.002	3.27	0.546	0	1	-4.24	2.390000105	4.690000057	0.637	1.496	12.33689976	0.97	1.078	-5.4	6.75E-04	0.998
R626Q	0.29	4.6	Arg626Gln	R	Q	0.773	0.9876	0.2447399944	0.962	0.387	626	0.98	0.98	43.681	0.5275	0.4839015	0.227	0.801	0.896	0.520872	0.035857	0	0.635798	0.268957967	0	1	0.8874	0.218398	0.321	0.14	0.159	1.64	0.988	0.068	2.295	0.163	0	1	-1.25	3.720000029	4.690000057	2.605	1.532	8.673199654	0.904	0.686	-5.31	6.75E-04	0.932
R676W	0.26	5.3	Arg676Trp	R	W	0.767	0.996293	0.2303500026	0.996	0.663	676	0.98	0.98	23.271	0.7035	0.1527463333	0.233	0.735	0.859	0.35448	0	0	0.599627	0.081866028	1	0	0.7389	0.336991	0.732	0.366	0.159	1.782	0.996	0.019	2.005	0.405	0	1	-2.45	1.100000024	4.539999962	0.596	1.362	2.345900059	0.925	0.617	-5.11	0.6751610041	0.981
R714M	0.56	11	Arg714Met	R	M	0.524	1	0.08979000151	0.989	0.87	714	0.98	0.98	42.638	0.927	0.499807	0.476	0.853	0.905	0.67547	0.217165	0.522153	0.826961	0.076738012	1	1	0.9107	0.425973	0.368	0.224	0.159	0.775	1	0.235	2.43	0.367	0	0	0.04	2.99000001	5.03000021	1.262	1.802	8.873299599	0.936	0.737	-5.07	0.01543600019	0.765
R737C	0.08	4.3	Arg737Cys	R	C	0.415	1	0.08979000151	0.997	0.549	737	0.56	0.65	37.669	0.8362	0.5019013667	0.573	0.723	0.845	0.684429	0.271569	0.651387	0.391916	0.53988625	0	1	0.978	0.289043	0.628	0.297	0.159	2.491	0.334	0.007	1.87	0.303	0	1	-1.36	4.010000229	4.010000229	2.524	0.878	9.337400436	0.901	0.924	-5.44	0.5973659754	0.993
R737G	1.08	3.5	Arg737Gly	R	G	0.427	0.666075	0.2375099957	0.678	0.128	737	0.68	0.78	55.931	0.8778	0.7433620667	0.635	0.69	0.804	0.759766	0.52099	0.822469	0.483886	0.53885511	1.5	1.5	0.9738	0.469262	0.382	NA	0.159	1.442	0.994	0.042	1.87	0.123	0	0	-1.24	4.010000229	4.010000229	2.524	0.878	9.337400436	0	-0.902	-5.4	0.5973659754	0.958
R737H	0.66	9	Arg737His	R	H	0.365	0.999984	0.2363300025	0.033	0.003	737	0.98	0.98	70	0.9576	0.9470548333	0.656	0.862	0.925	0.813912	0.384291	0.436947	0.776777	0.564238198	0	1	0.9873	0.763565	0.059	0.239	0.159	0.956	1	0.111	0.83	0.157	0	0	-0.57	0.6380000114	4.010000229	0.155	0.323	6.437300205	0.857	0.51	-5.41	0.5973659754	0.889
R737S	0.69	9	Arg737Ser	R	S	0.344	0.993077	0.1820300072	0.465	0.07	737	0.99	0.99	72.126	0.9566	0.7760682333	0.591	0.744	0.862	0.887031	0.853138	1.177214	0.620377	0.545023635	0	1	0.9977	0.645724	0.356	NA	0.159	1.632	0.993	0.049	1.87	0.187	0	0	-0.19	4.010000229	4.010000229	2.524	0.878	9.337400436	0.858	0.898	-5.34	0.5973659754	0.951
S141T	0.34	2.6	Ser141Thr	S	T	0.409	0.999991	0.3307999969	0.966	0.773	141	1	1	37.039	0.7979	0.61615565	0.124	0.145	0.313	0.830437	0.790646	0.893394	1.014602	0.082875075	0.3	1	0.9965	0.342552	0.713	NA	0.159	5.122	1	0.185	1.405	0.598	0	0	-1.75	4.409999847	4.409999847	1.96	7.69	12.90509987	0.545	-0.084	-5.13	0	0.815
S169N	0.76	9.1	Ser169Asn	S	N	0.876	0.999963	0.5881400108	0.003	0.003	169	1	1	91.639	0.6698	0.9913416622	0.405	0.71	0.847	1.286853	1.075092	1.508936	1.017654	0.99589335	0.3	1	0.9731	0.825342	0.03	0.031	0.159	2.345	1	0.287	-0.55	0.023	0	0	-0.26	-2.200000048	4.300000191	-0.149	0.564	1.416800022	0.56	-0.085	-4.6	0.04427500069	0.713
S276F	0.07	3.9	Ser276Phe	S	F	0.595	0.957167	0.08979000151	0.993	0.947	276	1	1	14.573	0.4056	0.04840466667	0.246	0.118	0.28	0.45538	0.099651	0.366452	0.770889	0.044382493	1	0	0.9327	0.066436	0.82	0.416	0.159	4.45	1	0.003	2.73	0.899	1	1	-2.03	4.03000021	5.03000021	1.308	5.922	14.0447998	0.962	1.098	-5.25	0.01210699975	0.997
S322L	0.74	11.8	Ser322Leu	S	L	0.754	0.999999	0.5296999812	0.907	0.735	322	0.98	0.98	36.137	0.4739	0.1146271667	0.512	0.656	0.85	0.624966	0.124719	0.104184	0.872017	0.082163738	0.3	1	0.8856	0.301518	0.56	0.256	0.159	3.01	0.957	0.009	2.635	0.466	0	1	-3.95	3.019999981	5.070000172	0.683	4.612	8.504099846	0.932	1.002	-4.56	0.09794999659	0.991
S449N	0.21	6.5	Ser449Asn	S	N	0.488	0.857861	0.3800399899	0.002	0.004	449	1	1	94.499	0.6362	0.9916071952	0.553	0.739	0.88	1.4665	1.468794	1.942796	1.133795	0.996222415	1	1	0.9864	0.975049	0	0.062	0.159	-0.395	1	1	-1.155	0.039	0	0	1.44	0.1169999987	4.590000153	0.198	2.77	6.653399944	0.611	0.063	-5.11	0.4539960027	0
S456F	0.23	4.2	Ser456Phe	S	F	0.447	1	0.08979000151	0.836	0.462	456	0.98	0.98	24.286	0.336	0.1265306667	0.285	0.21	0.484	0.205481	0	0.215198	0.767286	0.069931852	1	0	0.9466	0.187284	0.667	0.346	0.159	2.913	0.858	0.005	1.445	0.418	0	1	-3.29	4.269999981	4.269999981	2.389	6.444	9.868000031	0.902	0.813	-5.23	4.73E-04	0.995
S477T	1.01	7.7	Ser477Thr	S	T	0.715	1	0.2837600112	0.336	0.129	477	1	1	83.246	0.9192	0.9094783167	0.273	0.884	0.941	0.772135	0.591875	0.531042	0.940631	0.647146825	1	1	0.9843	0.880054	0.029	0.184	0.159	-1.682	1	0.597	1.525	0.097	0	0	-0.67	2.319999933	4.369999886	0.226	1.476	9.7833004	0.865	0.325	-5.09	0.1980279982	0.403
S522F	0.19	7	Ser522Phe	S	F	0.727	0.874099	0.08979000151	1	0.999	522	0.98	0.98	9.343	0.4305	0.0156635	0.326	0.131	0.271	0.306609	0	0	0.656202	0.06508969	1	0	0.9234	0.037878	0.911	0.661	0.159	4.041	1	0.011	3.425	0.811	0	1	-4.37	4.690000057	4.690000057	2.605	5.652	16.72730064	0.974	1.081	-5.15	0	0.989
S573G	0.57	3.4	Ser573Gly	S	G	0.674	0.996732	0.8103299737	0.959	0.714	573	1	1	46.533	0.5547	0.2833495	0.435	0.762	0.855	0.71128	0.529368	0.835251	0.939164	0.493409858	0	1	0.8162	0.228168	0.033	0.221	0.159	2.752	0.874	0.097	2.505	0.266	0	0	-1.67	3.619999886	4.690000057	2.105	1.155	5.129499912	0.919	0.762	-5.08	9.00E-06	0.903
S620G	0.93	7.3	Ser620Gly	S	G	0.565	0.999999	0.281340003	0.001	0.005	620	1	1	89.737	0.6487	0.8441421833	0.46	0.849	0.924	0.796256	0.576063	0.673957	0.815631	0.645249675	0	1	0.895	0.860364	0.019	0.085	0.159	0.827	0.997	0.327	1.585	0.067	0	0	-1.84	2.410000086	4.690000057	0.885	1.274	1.86500001	0.817	0.12	-5.07	0.01924400032	0.673
T137M	0.25	6.1	Thr137Met	T	M	0.54	0.735314	0.2289700061	1	0.998	137	0.24	0.55	0	0.0598	0.0040625	0.126	0.203	0.314	0	0	0	0.35623	0.02257375	0	0	0.8082	0.028709	0.919	0.669	0.159	5.115	1	0	3.745	0.818	0	1	-5.69	4.409999847	4.409999847	2.421	7.478	16.09799957	0.982	1.039	-5.55	0	1
T254I	0.67	6.4	Thr254Ile	T	I	0.874	0.893827	0.5881400108	0.72	0.434	254	1	1	56.71	0.5005	0.1389561667	0.513	0.736	0.895	0.859505	0.446909	0.638698	0.945025	0.533197067	1	1	0.8493	0.303622	0.047	0.485	0.159	2.404	0.735	0.186	2.77	0.154	0	0	-1.55	4.429999828	5.420000076	1.235	2.227	5.811299801	0.921	1.055	-5.19	0.03788999841	0.814
T263M	0.93	16.3	Thr263Met	T	M	0.487	1	0.337469995	0.997	0.833	263	1	1	35.53	0.6352	0.06642516667	0.372	0.612	0.777	0.311137	0	0	0.853868	0.021622675	0.3	1	0.8645	0.32662	0.807	0.336	0.159	3.752	0.894	0.001	2.775	0.54	0	0	-3.73	4.21999979	5.179999828	1.428	2.531	8.221300125	0.928	1.062	-4.64	5.40E-05	0.999
T332I	0.81	2	Thr332Ile	T	I	0.628	0.999705	0.3600099981	0.122	0.084	332	1	1	82.091	0.7316	0.5340933333	0.506	0.86	0.932	0.62635	0.255511	0.478235	0.926844	0.533618933	0.3	0	0.8514	0.729145	0.328	0.268	0.159	0.458	1	0.079	1.5	0.126	0	1	-1.66	4.070000172	5.070000172	1.326	1.339	7.950600147	0.879	0.643	-5.19	0.1975789964	0.921
T339P	0.05	1.7	Thr339Pro	T	P	0.494	0.622831	0.08979000151	0.002	0.004	339	1	1	78.703	0.736	0.4207213333	0.526	0.667	0.85	0.320449	0	0	0.764399	0.66471345	0	0	0.9106	0.754547	0.696	0.088	0.159	2.841	1	0.092	1.975	0.286	1	0	-2.67	-2.400000095	5.070000172	-0.38	2.003	12.39439964	0.879	0.34	-4.6	0.7529079914	0.908
T437S	0.96	7.1	Thr437Ser	T	S	0.474	0.971364	0.206249997	0.997	0.905	437	0.98	0.98	43.884	0.753	0.8151677167	0.243	0.721	0.853	0.742278	0.474996	0.528268	0.851117	0.054508252	0	1	0.7894	0.293552	0.442	0.186	0.159	3.272	0.623	0.008	1.54	0.096	0	0	-2.91	1.450000048	4.760000229	0.171	2.451	9.871299744	0.938	0.968	-5.16	0.005642999895	0.992
T441M	0.49	4.8	Thr441Met	T	M	0.757	0.808957	0.3074400127	0.973	0.565	441	1	1	37.797	0.5502	0.041045	0.347	0.555	0.764	0.456158	0.454679	0.578392	0.907748	0.056658347	1	1	0.9488	0.130167	0.726	0.255	0.159	3.533	0.971	0.077	1.885	0.471	0	0	-2.13	4.760000229	4.760000229	2.472	4.348	16.50139999	0.938	1.095	-5.21	2.24E-04	0.923
V135G	0.21	4.5	Val135Gly	V	G	0.653	1	0.3886100054	0.281	0.139	135	0.97	0.97	37.743	0.0857	0.02468766667	0.181	0.124	0.163	0	0	0	0.682638	0.472989965	0	0	0.4169	0.249812	0.517	0.313	0.159	4.01	1	0	2.485	0.81	0	1	-6.23	4.409999847	4.409999847	1.96	3.989	12.90509987	0.941	1.105	-5.28	1.10E-05	1
V253I	1.13	4.1	Val253Ile	V	I	0.819	0.999995	0.8103299737	0.001	0.004	253	1	1	95.174	0.8605	0.9994042486	0.581	0.966	0.988	1.368119	1.462576	1.776586	1.085624	0.906652258	1	1	0.8996	0.833459	0.001	0.091	0.159	-0.264	1	0.418	-1.215	0.141	0	0	0.68	-10.80000019	5.420000076	-2.281	-0.704	5.971600056	0.604	0.028	-5.08	0.3672240078	0.582
V260I	0.69	2.8	Val260Ile	V	I	0.419	0.989219	0.08979000151	0.009	0.01	260	1	1	87.266	0.7216	0.9787795383	0.347	0.893	0.952	0.74471	0.232355	0.551262	0.942702	0.866301708	1	1	0.9194	0.744326	0.251	0.022	0.159	2.838	0.989	0.064	1.27	0.104	0	0	-0.89	-0.2840000093	5.179999828	-0.122	1.211	9.388899803	0.823	0.196	-4.59	0.8131930232	0.936
V334I	0.76	9.3	Val334Ile	V	I	0.653	0.862268	0.242960006	0.803	0.228	334	1	1	62.701	0.9979	0.9573842917	0.464	0.87	0.933	0.959018	0.852542	0.970152	0.964912	0.805503879	0.3	1	0.8901	0.644972	0.189	0.129	0.159	2.008	0.862	0.493	1.18	0.138	0	0	-0.25	4.099999905	5.070000172	1.375	5.3	8.683300018	0.793	0.707	-5.03	0.001276000054	0.507
V369L	0.14	3.7	Val369Leu	V	L	0.536	0.585376	0.3539699912	0.014	0.03	369	1	1	91.133	0.8777	0.9635739534	0.426	0.682	0.86	1.589553	1.586007	2.056516	1.145868	0.62578535	1	1	0.9348	0.717421	0.002	0.196	0.159	-1.795	0.585	1	-0.075	0.161	0	0	1.55	4.539999962	4.539999962	2.353	3.081	7.84100008	0.66	0.143	-5	3.90E-05	0
V454F	0.04	1.7	Val454Phe	V	F	0.574	0.992453	0.3239200115	0.991	0.926	454	1	1	22.342	0.5811	0.02669516667	0.245	0.254	0.391	0	0	0	0.820498	0.352687675	0	0	0.7158	0.077709	0.809	0.596	0.159	3.301	0.992	0.002	3.035	0.605	1	1	-2.96	4.269999981	4.269999981	2.389	2.819	9.586400032	0.966	1.081	-5.34	0.003141999943	0.998
V536M	0.45	11.3	Val536Met	V	M	0.755	0.95175	0.4165199995	0.997	0.969	536	1	1	35.016	0.6158	0.1867886667	0.265	0.504	0.714	0.371578	0.155485	0.258112	0.804127	0.223063054	0	0	0.7229	0.174808	0.863	0.223	0.159	2.036	0.952	0.013	2.975	0.483	0	1	-1.23	4.690000057	4.690000057	2.605	2.596	10.35649967	0.963	1.09	-5.31	7.20E-05	0.987
V568G	0.13	2.8	Val568Gly	V	G	0.735	0.999994	0.3774600029	0.326	0.197	568	0.98	0.98	54.812	0.1656	0.4658961667	0.183	0.388	0.536	0.250398	0.181906	0.422673	0.714632	0.567464307	0	0	0.126	0.277469	0.543	0.377	0.159	1.116	1	0.001	1.905	0.497	0	1	-4.63	0.3680000007	4.690000057	-0.054	1.371	8.320500374	0.903	0.702	-5.14	0.6051970124	0.999
V597I	1.02	12.9	Val597Ile	V	I	0.817	0.999991	0.08979000151	0.037	0.012	597	1	1	93.466	0.8665	0.9961847671	0.597	0.968	0.986	0.716024	0.457484	0.679989	0.972689	0.894793046	0.3	1	0.9442	0.799489	0.003	0.065	0.159	-0.8	1	0.435	0.4	0.057	0	0	-0.39	-9.380000114	4.690000057	-2.646	-0.139	14.01220036	0.765	-0.243	-5	0.4367769957	0.565
V597L	0.66	12.9	Val597Leu	V	L	0.403	0.999966	0.08979000151	0.017	0.02	597	1	1	96.952	0.8403	0.9855660086	0.629	0.904	0.963	0.492762	0	0.495825	0.964232	0.976741475	0	1	0.8897	0.815873	0.005	0.072	0.159	-1.67	1	0.712	0.29	0.112	0	0	-0.28	-9.380000114	4.690000057	-2.646	-0.139	14.01220036	0.741	-0.2	-4.99	0.4367769957	0.288
V630G	1.11	8.8	Val630Gly	V	G	0.371	0.999631	0.1887799948	0.521	0.197	630	1	1	72.512	0.8338	0.564634	0.485	0.756	0.86	0.943258	0.832548	1.194804	1.018069	0.59118264	0	0	0.9198	0.672629	0.082	0.17	0.159	-0.066	1	0.357	2.02	0.113	0	0	-1.71	-1.769999981	4.690000057	-0.462	1.095	6.090600014	0.841	0.361	-5	0.652782023	0.643
V630I	0.77	6.5	Val630Ile	V	I	0.515	1	0.2080499977	0.309	0.138	630	1	1	82.562	0.938	0.8665882833	0.558	0.944	0.962	0.845042	0.377599	0.617413	0.926914	0.712303116	1	1	0.963	0.721629	0.272	0.114	0.159	-0.208	1	0.204	1.82	0.068	0	0	-0.7	1.580000043	4.690000057	0.298	0.91	3.265700102	0.868	0.455	-5.01	0.652782023	0.796
V686A	0.44	11.6	Val686Ala	V	A	0.442	0.601394	0.08979000151	0.148	0.084	686	1	1	70.836	0.7846	0.868842625	0.298	0.811	0.907	0.868304	0.711913	0.852114	0.915014	0.561179308	0	1	0.7243	0.690816	0.537	0.396	0.159	1.89	0.601	0.063	0.345	0.221	0	1	-2.03	5.03000021	5.03000021	2.038	6.167	13.94929981	0.841	0.929	-5.15	6.30E-05	0.937
V709I	0.62	19.7	Val709Ile	V	I	0.702	0.970058	0.3252300024	0.016	0.012	709	1	1	92.411	0.7752	0.969358525	0.386	0.929	0.958	0.717699	0.664706	0.635917	0.880688	0.712496116	0.3	1	0.9374	0.657899	0.015	0.111	0.159	-0.081	0.97	0.486	1.385	0.077	0	0	-0.54	3	5.03000021	0.625	0.754	9.477000237	0.848	0.399	-5.12	4.90E-04	0.514
W361S	0.07	2.9	Trp361Ser	W	S	0.614	1	0.2569699883	1	1	361	0.67	0.77	0.43	0.0656	0.008717	0.195	0.159	0.329	0	0	0	0.17294	0.000458683	0	0	0.1575	0.059221	0.945	0.902	0.159	3.804	1	0	3.705	0.941	1	1	-12.64	4.699999809	4.699999809	2.439	9.415	16.37280083	0.994	0.928	-7.07	0	1
W404C	0.02	1.8	Trp404Cys	W	C	0.805	1	0.8103299737	1	1	404	0.27	0.58	0	0.1308	0.01876716667	0.148	0.045	0.07	0	0	0	0.228709	0.00503099	0	0	0.1883	0.062678	0.945	0.866	0.159	3.151	1	0	3.61	0.918	1	1	-12.37	3.539999962	4.539999962	2.353	7.641	11.87899971	0.978	1.05	-5.5	0	1
W649S	0.03	1.6	Trp649Ser	W	S	0.852	1	0.8103299737	1	1	649	0.15	0.46	0	0.0241	0.0074955	0.117	0.037	0.065	0	0	0	0.101938	0.0008666	0	0	0	0.080265	0.945	0.817	0.159	3.948	1	0	3.685	0.987	1	1	-12.93	4.539999962	4.539999962	2.524	9.463	16.40469933	0.997	0.888	-7.9	0	1
Y131S	0.04	2.2	Tyr131Ser	Y	S	0.883	0.999922	0.8103299737	1	0.991	131	0.58	0.68	0.142	0.1516	0.03593866667	0.084	0.09	0.132	0	0	0	0.210157	0.041276597	0	0	0.3354	0.068991	0.919	0.774	0.159	4.196	1	0	3.6	0.881	1	1	-7.98	3.309999943	4.409999847	0.792	4.703	9.477899551	0.977	1.09	-5.46	8.20E-05	1
Y224C	0.34	2.3	Tyr224Cys	Y	C	0.916	0.990361	0.5133799911	0.992	0.792	224	1	1	39.702	0.7945	0.2321183333	0.379	0.736	0.828	0.693794	0.083573	0.647319	0.854795	0.213580121	0	1	0.8496	0.344807	0.581	0.372	0.159	2.941	0.99	0.167	2.155	0.473	0	0	-1.79	4.309999943	5.420000076	0.852	2.44	10.43150043	0.907	0.875	-4.61	0.001974999905	0.833
Y455S	0.03	2.3	Tyr455Ser	Y	S	0.621	0.999988	0.4114400148	1	0.995	455	0.55	0.65	0	0.0845	0.02134766667	0.113	0.079	0.118	0	0	0	0.262656	0.011346203	0	0	0.2171	0.061326	0.935	0.871	0.159	3.529	1	0	3.72	0.846	1	1	-8.4	4.269999981	4.269999981	1.934	7.075	12.65470028	0.988	1.007	-6.23	6.00E-06	1
Y575C	0.52	3.2	Tyr575Cys	Y	C	0.887	0.569931	0.5484600067	0.125	0.059	575	1	1	50	0.7837	0.5056426667	0.458	0.574	0.677	0.09609	0	0	0.588347	0.550726167	0	0	0.4389	0.483241	0.351	0.378	0.159	0.212	0.57	0.102	2.135	0.305	0	0	-2.49	3.079999924	4.159999847	0.948	2.173	8.466300011	0.882	0.878	-5.08	1.67E-04	0.898