AAcombos	Chr	Start	Ref	Alt	Growth Score	Growth_Binarized_0.3	Growth_Binarized_0.6	Group40	Group43	MutPred2	Condel	Provean_Score	SIFT_score_Kggseq	X1_SIFT_WANNOVAR	SIFT_Binarized	MCAP_score	SIFT_score_Wannovar	Polyphen2_HDIV_score	Polyphen2_HVAR_score	Polyphen2_HDIV_pred	Polyphen2_HVAR_pred	LRT_score	LRT_pred	MutationTaster_score	MutationTaster_converted_rankscore	MutationTaster_pred	MutationAssessor_score	MutationAssessor_pred	FATHMM_score	FATHMM_pred	RadialSVM_score	RadialSVM_pred	LR_score	LR_pred	VEST3_score	CADD_raw  >20 = D	CADD_phred	GERP++x_NR	GERP++x_RS	phyloP46way_placental	phyloP100way_vertebrate	SiPhy_29way_logOdds
S2P	16	1364035	T	C	-0.2162772992	1	1	0.974122807	0.8677	0.353	0.32	-3.729	0.006000000052	1	1	0.2606827776	0	0.9810000062	0.6940000057	D	P	0.000004999999874	D	1	0.8103299737	D	3.220000029	M	-0.33	T	0.371	D	0.591	D	0.781	3.297	17.08	5.03000021	5.03000021	1.898	7.847	12.71
S2T	16	1364035	T	A	0.788021251	0	0	1.761403509	0.2579	0.37	0.581	-2.106	0.03599999845	0.98	1	0.5750711541	0.02	0.4600000083	0.1049999967	P	B	0.000004999999874	D	1	0.8103299737	D	2.795000076	M	-0.26	T	-0.216	T	0.379	T	0.493	2.367	13.87	5.03000021	5.03000021	1.898	7.847	12.71
S2L	16	1364036	C	T	0.08140474177	1	1	1.657894737	0.881	0.432	0.581	-4.233	0.002000000095	1	1	0.6786875405	0	0.9980000257	0.6019999981	D	P	0.000004999999874	D	1	0.8103299737	D	3.765000105	H	-0.31	T	0.283	D	0.552	D	0.785	2.631	14.76	5.03000021	4.070000172	1.124	7.63	11.26
G3R	16	1364038	G	A	0.1918700654	1	1	0.039035088	0.9573	0.314	0.464	-5.636	0.02899999917	0.99	1	0.3134726254	0.01	0.9959999919	0.7950000167	D	P	0	D	1	0.8103299737	D	3.214999914	M	-0.02	T	0.307	D	0.549	D	0.883	3.439	17.64	5.03000021	5.03000021	2.342	9.622	15.853
G3R	16	1364038	G	C	0.1918700654	1	1	0.785964912	0.7901	0.314	0.464	-5.636	0.02899999917	0.99	1	0.313842404	0.01	0.9959999919	0.7950000167	D	P	0	D	1	0.8103299737	D	3.214999914	M	-0.02	T	0.307	D	0.549	D	0.883	3.318	17.16	5.03000021	5.03000021	2.342	9.622	15.853
I4T	16	1364042	T	C	-0.4009260903	1	1	0.028157895	0.1706	0.232	0.406	-4.313	0.02099999972	0.95	1	0.1778524744	0.05	0.07800000161	0.05200000107	B	B	0	D	1	0.8103299737	D	2.599999905	M	-0.06	T	-0.4	T	0.351	T	0.719	2.065	12.86	5.03000021	5.03000021	1.898	7.847	12.71
A5G	16	1364045	C	G	1.079388202	0	0	1.096842105	0.5691	0.715	0.573	-3.33	0.001000000047	1	1	0.5189298709	0	0.8460000157	0.3659999967	P	B	0.0000009999999975	D	1	0.8103299737	D	4.03000021	H	-0.36	T	0.213	D	0.546	D	0.508	2.48	14.25	4.889999866	2.900000095	1.063	5.907	9.772
S7C	16	1364050	A	T	0.4089420828	0	1	0.364035088	0.85	0.505	0.393	-2.413	0.02600000054	0.96	1	0.1412061936	0.04	0.9570000172	0.2759999931	D	B	0	D	1	0.8103299737	D	2.255000114	M	-0.11	T	-0.553	T	0.276	T	0.815	2.38	13.92	5.210000038	4.099999905	0.798	9.108	9.532
R8G	16	1364053	A	G	NA	0	0	0.403947368	0.8077	0.899	0.867	-6.341	0.0120000001	1	1	0.3777273973	0	1	1	D	D	0	D	1	0.8103299737	D	4.239999771	H	0.76	T	-0.063	T	0.42	T	0.975	2.909	15.69	5.210000038	1.279999971	0.267	1.399	11.03
L9P	16	1364057	T	C	0.03788019673	1	1	0.403947368	0.8457	0.889	0.906	-6.603	0	1	1	0.2731925344	0	1	1	D	D	0	D	1	0.8103299737	D	3.894999981	H	0.65	T	0.112	D	0.426	T	0.998	3.006	16.03	5.210000038	5.210000038	1.979	7.847	13.038
A10G	16	1364060	C	G	0.5451785776	0	1	0.715789474	0.5018	0.524	0.253	-2.674	0.1439999938	0.81	0	0.01920240103	0.19	0	0.001000000047	B	B	0.0003009999928	D	1	0.5881400108	D	2	M	1.12	T	-1.018	T	0.112	T	0.277	1.095	9.469	5.210000038	3.200000048	0.563	7.63	13.51
E12G	16	1364066	A	G	0.1612450139	1	1	0.478070175	0.9907	0.793	0.945	-6.448	0	1	1	0.3255459624	0	1	1	D	D	0	D	1	0.8103299737	D	4.800000191	H	0.42	T	0.489	D	0.557	D	0.958	4.015	20.6	5.210000038	5.210000038	1.979	9.108	13.038
R13G	16	1364068	A	G	-0.05543177071	1	1	0	0.9474	0.723	0.406	-5.85	0	0.99	1	0.1837270489	0.01	1	0.9909999967	D	D	0	D	1	0.8103299737	D	3.934999943	H	1.2	T	-0.184	T	0.319	T	0.903	3.073	16.26	5.210000038	4.039999962	1.979	1.904	11.399
K14R	16	1364072	A	G	1.289145728	0	0	0	0.0583	0.415	0.246	-2.644	0.08299999684	0.93	0	0.02960311089	0.07	0.9269999862	0.6719999909	P	P	0	D	1	0.8103299737	D	1.715000033	L	1.15	T	-0.952	T	0.132	T	0.456	3.668	18.64	5.210000038	5.210000038	1.979	9.108	13.038
A15V	16	1364075	C	T	0.7634969049	0	0	0	0.098	0.451	0.062	-2.605	0.1439999938	0.78	0	0.05695380619	0.22	0.8169999719	0.174999997	P	B	0	D	1	0.8103299737	D	2.13499999	M	1.16	T	-1.042	T	0.079	T	0.568	2.657	14.84	5.210000038	3.230000019	1.209	5.907	10.15
W16R	16	1364077	T	A	-0.007900344227	1	1	0	0.033	0.728	0.645	-10.71	0	1	1	0.1679589586	0	1	0.996999979	D	D	0	D	1	0.8103299737	D	3.345000029	M	1.2	T	-0.3	T	0.292	T	0.887	3.07	16.25	5.210000038	5.210000038	1.979	7.847	13.038
W16R	16	1364077	T	C	-0.007900344227	1	1	0.181578947	0.1949	0.728	0.645	-10.71	0	1	1	0.191008662	0	1	0.996999979	D	D	0	D	1	0.8103299737	D	3.345000029	M	1.2	T	-0.3	T	0.292	T	0.887	2.955	15.85	5.210000038	5.210000038	1.979	7.847	13.038
K18R	16	1364084	A	G	1.087647604	0	0	0	0.0956	0.377	0.052	-2.126	0.2099999934	0.78	0	0.02234033855	0.22	0.008999999613	0.02600000054	B	B	0	D	1	0.8103299737	D	0.7850000262	N	1.08	T	-1.075	T	0.08	T	0.388	1.5	10.96	5.210000038	5.210000038	1.979	9.108	13.038
H20P	16	1364090	A	C	0.0105336122	1	1	0.324122807	0.6858	0.584	0.365	-7.435	0.05200000107	0.58	0	0.0596074957	0.42	0.1169999987	0.1330000013	B	B	0	D	1	0.8103299737	D	1.014999986	L	1.33	T	-1.074	T	0.075	T	0.84	3.307	17.11	5.210000038	5.210000038	1.979	9.108	13.038
P28Q	16	1364310	C	A	0.001593171743	1	1	0.540789474	0.6058	0.901	0.935	-7.101	0	1	1	0.1133730808	0	1	1	D	D	0	D	1	0.8103299737	D	3.595000029	H	1.1	T	-0.128	T	0.344	T	0.764	2.943	15.81	5.099999905	4.110000134	2.373	5.974	13.442
T29A	16	1364312	A	G	-0.5461669898	1	1	1.019736842	0.8434	0.429	0	-1.366	0.976000011	0.31	0	0.01141696524	0.69	0.001000000047	0.003000000026	B	B	0.000007000000096	D	0.996	0.4310199916	D	-0.1049999967	N	1.21	T	-1.064	T	0.035	T	0.396	-0.963	0.319	5.099999905	2.75999999	0.241	7.39	6.794
P32S	16	1364321	C	T	1.291029792	0	0	0.228289474	0.3196	0.274	0.034	-2.67	0.2809999883	0.84	0	0.03531246886	0.16	0.02199999988	0.0120000001	B	B	0.0000009999999975	D	1	0.8103299737	D	0.9200000167	L	-0.06	T	-0.788	T	0.229	T	0.425	1.479	10.89	5.099999905	5.099999905	2.373	5.988	16.004
D33G	16	1364325	A	G	0.05710556206	1	1	0	0.1113	0.413	0.729	-6.597	0.001000000047	1	1	0.4863993101	0	0.9980000257	0.9549999833	D	D	0	D	1	0.8103299737	D	3.025000095	M	-0.19	T	0.363	D	0.604	D	0.652	3.847	19.54	5.099999905	5.099999905	1.922	9.201	12.831
D33V	16	1364325	A	T	-0.1957556504	1	1	0.540789474	0.7088	0.493	0.828	-8.521	0	1	1	0.3488234436	0	1	0.9879999757	D	D	0	D	1	0.8103299737	D	3.674999952	H	-0.17	T	0.577	D	0.674	D	0.762	3.782	19.2	5.099999905	5.099999905	1.922	9.201	12.831
T35A	16	1364330	A	G	0.06587048109	1	1	0	0.4965	0.352	0.253	-2.367	0.1509999931	0.86	0	0.05151345436	0.14	0.02300000004	0.008999999613	B	B	0	D	1	0.8103299737	D	1.370000005	L	-0.01	T	-0.73	T	0.247	T	0.438	2.398	13.98	5.099999905	5.099999905	1.922	7.39	12.831
M36T	16	1364334	T	C	0.2921465447	1	1	0.540789474	0.2336	0.453	0.059	-3.199	0.2039999962	0.81	0	0.02337558538	0.19	0.1529999971	0.0869999975	B	B	0	N	1	0.5881400108	D	-0.6150000095	N	1.28	T	-1.08	T	0.038	T	0.365	1.468	10.85	5.099999905	4	0.779	7.926	9.093
N37S	16	1364337	A	G	0.9127461006	0	0	0.626315789	0.4912	0.813	0.39	-4.262	0.02199999988	0.98	1	0.04090916476	0.02	0.9319999814	0.6819999814	P	P	0	D	1	0.8103299737	D	1.960000038	M	1.11	T	-0.903	T	0.153	T	0.261	3.966	20.3	5.099999905	4.010000229	0.798	9.201	8.842
L38V	16	1364339	C	G	0.3673626167	0	1	0.403947368	0.2699	0.685	0.483	-2.667	0.02199999988	0.92	0	0.02193310317	0.08	0.8629999757	0.3959999979	P	B	0.0000009999999975	D	1	0.8103299737	D	1.955000043	M	0.95	T	-0.959	T	0.117	T	0.754	3.771	19.15	5.099999905	5.099999905	2.373	4.847	9.612
L38R	16	1364340	T	G	0.02439661843	1	1	0.065789474	0.5558	0.929	0.839	-5.576	0	1	1	0.1972673824	0	0.9990000129	0.9739999771	D	D	0.0000009999999975	D	1	0.8103299737	D	3.714999914	H	0.83	T	0.006	D	0.395	T	0.978	4.298	22.5	5.099999905	5.099999905	1.922	6.185	12.831
M39V	16	1364342	A	G	0.9305177208	0	0	1.831578947	0.7021	0.757	0.424	-3.222	0.01400000043	0.99	1	0.05976741941	0.01	0.5310000181	0.25	P	B	0	D	1	0.8103299737	D	2.704999924	M	1.23	T	-0.824	T	0.138	T	0.788	2.927	15.75	5.099999905	5.099999905	1.922	9.201	12.831
W41R	16	1364348	T	A	0.1117080178	1	1	0	0.4259	0.944	0.945	-13.696	0	1	1	0.2216127812	0	1	1	D	D	0.00001200000042	D	1	0.8103299737	D	4.925000191	H	0.64	T	0.075	D	0.49	T	0.898	2.927	15.76	5.099999905	4	0.779	7.926	9.093
W41R	16	1364348	T	C	0.1117080178	1	1	1.019736842	0.5985	0.944	0.945	-13.696	0	1	1	0.2400679758	0	1	1	D	D	0.00001200000042	D	1	0.8103299737	D	4.925000191	H	0.64	T	0.075	D	0.49	T	0.898	2.812	15.37	5.099999905	4	0.779	7.926	9.093
E42G	16	1364352	A	G	0.5891108051	0	1	0.506578947	0.6405	0.627	0.563	-5.819	0.01799999923	0.97	1	0.04525277998	0.03	0.9449999928	0.6629999876	P	P	0	D	1	0.8103299737	D	3.369999886	M	1.06	T	-0.583	T	0.241	T	0.827	2.515	14.37	5.099999905	2.75999999	0.244	9.201	10.374
E42V	16	1364352	A	T	0.5459219469	0	1	0.472368421	0.6165	0.586	0.322	-6.031	0.04500000179	0.94	0	0.08082888117	0.06	0.9570000172	0.7929999828	D	P	0	D	1	0.8103299737	D	1.769999981	L	1.08	T	-0.925	T	0.166	T	0.85	2.409	14.01	5.099999905	2.75999999	0.244	9.201	10.374
I45V	16	1364360	A	G	1.501798033	0	0	0.027631579	0.3785	0.801	0.166	-0.913	0.173999995	0.91	0	0.01791241707	0.09	0.7329999804	0.72299999	P	P	0	D	1	0.8103299737	D	1.75999999	L	0.89	T	-0.85	T	0.176	T	0.606	1.769	11.87	5.099999905	5.099999905	1.922	7.39	12.831
I45T	16	1364361	T	C	0.6225699699	0	0	0.065789474	0.2056	0.842	0.935	-4.824	0	1	1	0.2694879799	0	1	1	D	D	0	D	1	0.8103299737	D	4.429999828	H	0.6	T	0.383	D	0.523	D	0.925	3.163	16.58	5.099999905	5.099999905	1.922	6.165	12.831
K48R	16	1364370	A	G	1.064126217	0	0	0.600657895	0.9017	0.672	0.299	-2.374	0.1150000021	0.87	0	0.02279551222	0.13	0.199000001	0.1230000034	B	B	0	D	1	0.8103299737	D	1.88499999	L	1.17	T	-1.025	T	0.098	T	0.523	3.459	17.72	5	5	1.876	9.201	12.65
K49E	16	1364372	A	G	1.02872823	0	0	0.053289474	0.5695	0.384	0.007	-2.322	0.4790000021	0.31	0	0.01543349604	0.69	0.5479999781	0.2160000056	P	B	0	D	1	0.8103299737	D	0.6050000191	N	1.29	T	-1.089	T	0.043	T	0.704	1.767	11.87	5	2.660000086	0.725	7.383	5.775
K49N	16	1364374	A	C	0.7926132604	0	0	0.324122807	0.6701	0.35	0.347	-3.297	0.03200000152	0.92	0	0.02766491704	0.08	0.9940000176	0.8880000114	D	P	0	D	1	0.8103299737	D	2.549999952	M	1.13	T	-0.849	T	0.175	T	0.397	2.849	15.49	5	-2.609999895	-0.297	2.148	6.01
K49N	16	1364374	A	T	0.7926132604	0	0	0.703289474	0.6345	0.35	0.347	-3.297	0.03200000152	0.92	0	0.02793926995	0.08	0.9940000176	0.8880000114	D	P	0	D	1	0.8103299737	D	2.549999952	M	1.13	T	-0.849	T	0.175	T	0.397	2.957	15.86	5	-2.609999895	-0.297	2.148	6.01
T51A	16	1365655	A	G	-0.07192352724	1	1	0.788815789	0.87	0.723	0.591	-4.338	0.002000000095	NA	NA	0.1791573787	NA	0.9819999933	0.9430000186	D	D	0	D	1	0.8103299737	D	4.059999943	H	0.74	T	0.112	D	0.419	T	0.785	3.734	18.96	5.119999886	5.119999886	1.936	9.108	12.884
P52L	16	1365659	C	T	0.4912931678	0	1	0.848684211	0.9227	0.659	0.004	-3.319	0.8539999723	0.28	0	0.04505790247	0.72	0.1889999956	0.07599999756	B	B	0.000001999999995	D	1	0.8103299737	D	0.8000000119	N	1.15	T	-1.088	T	0.063	T	0.92	0.611	7.292	5.119999886	5.119999886	2.39	5.859	16.065
E54G	16	1365665	A	G	0.7682963885	0	0	0.078947368	0.6131	0.544	0.435	-6.54	0.001000000047	1	1	0.1661248659	0	0.9980000257	0.9629999995	D	D	0	D	1	0.8103299737	D	3.605000019	H	0.9	T	-0.14	T	0.339	T	0.841	3.208	16.74	5.119999886	5.119999886	1.936	9.108	12.884
G55E	16	1365668	G	A	0.8603308585	0	0	0.065789474	0.7481	0.784	0.445	-6.268	0.04699999839	0.96	1	0.08981136792	0.04	0.9679999948	0.5799999833	D	P	0	D	1	0.8103299737	D	3.049999952	M	1.05	T	-0.47	T	0.224	T	0.939	3.223	16.8	5.119999886	5.119999886	2.39	9.622	16.065
F58L	16	1365676	T	C	0.3946637744	0	1	0.078947368	0.8857	0.858	0.358	-4.449	0.06700000167	1	1	0.1064564992	0	0.6439999938	0.5090000033	P	P	0.00000799999998	D	1	0.8103299737	D	2.194999933	M	0.32	T	-0.502	T	0.267	T	0.874	3.283	17.02	5.119999886	5.119999886	1.936	7.847	12.884
F58L	16	1365678	T	A	0.3946637744	0	1	0.540789474	0.4445	0.858	0.358	-4.449	0.06700000167	1	1	0.1215040517	0	0.6439999938	0.5090000033	P	P	0.00000799999998	D	1	0.5881400108	D	2.194999933	M	0.32	T	-0.779	T	0.222	T	0.874	2.319	13.71	5.119999886	1.720000029	0.063	1.255	6.686
F58L	16	1365678	T	G	0.3946637744	0	1	0.228289474	0.7577	0.858	0.358	-4.449	0.06700000167	1	1	0.1199840226	0	0.6439999938	0.5090000033	P	P	0.00000799999998	D	1	0.5881400108	D	2.194999933	M	0.32	T	-0.779	T	0.222	T	0.874	2.21	13.35	5.119999886	1.720000029	0.063	1.255	6.686
K59E	16	1365679	A	G	0.8311315455	0	0	0.215789474	0.5382	0.445	0.061	-3.158	0.2140000015	0.91	0	0.05269518351	0.09	0.8799999952	0.5189999938	P	P	0	D	1	0.8103299737	D	2.295000076	M	1.09	T	-0.908	T	0.149	T	0.71	2.918	15.72	5.119999886	4.019999981	0.781	9.108	10.39
K59R	16	1365680	A	G	0.008940628043	1	1	0.215789474	0.4369	0.413	0.016	-1.888	0.4320000112	0.75	0	0.02169655084	0.25	0.01400000043	0.02099999972	B	B	0	D	1	0.8103299737	D	0.7400000095	N	1.05	T	-1.093	T	0.072	T	0.436	2.673	14.9	5.119999886	3.99000001	0.749	9.108	10.019
K59N	16	1365681	A	C	0.5776350054	0	1	1.037894737	1.2999	0.486	0.243	-3.802	0.172999993	0.94	0	0.05403384992	0.06	0.2469999939	0.07599999756	B	B	0	D	1	0.8103299737	D	2.085000038	M	1.02	T	-1.054	T	0.095	T	0.354	2.659	14.85	5.119999886	-4.230000019	-0.894	-0.158	13.011
K59N	16	1365681	A	T	0.5776350054	0	1	1.402105263	1.0856	0.486	0.243	-3.802	0.172999993	0.94	0	0.05403384992	0.06	0.2469999939	0.07599999756	B	B	0	D	1	0.8103299737	D	2.085000038	M	1.02	T	-1.054	T	0.095	T	0.354	2.766	15.21	5.119999886	-4.230000019	-0.894	-0.158	13.011
L60P	16	1365683	T	C	0.5217940735	0	1	0.241447368	0.5905	0.908	0.945	-6.249	0	1	1	0.1664813805	0	1	1	D	D	0.000001999999995	D	1	0.8103299737	D	4.639999866	H	0.9	T	0.242	D	0.441	T	0.984	2.753	15.17	5.119999886	5.119999886	1.936	7.847	12.884
M62V	16	1365688	A	G	0.8621295953	0	0	0.681578947	0.2106	0.525	0.148	-3.512	0.1930000037	0.86	0	0.05367792272	0.14	0.9419999719	0.5419999957	P	P	0	D	1	0.8103299737	D	1.11500001	L	1.36	T	-1.07	T	0.092	T	0.862	1.917	12.37	5.119999886	5.119999886	1.936	7.298	12.884
M62I	16	1365690	G	A	0.4253759147	0	1	0.578947368	0.3772	0.532	0.026	-3.444	0.3790000081	0.64	0	0.03358136988	0.36	0.3179999888	0.1350000054	B	B	0	D	1	0.8103299737	D	0.3950000107	N	1.44	T	-1.083	T	0.051	T	0.826	2.292	13.62	5.119999886	5.119999886	2.39	9.622	16.065
M62I	16	1365690	G	C	0.4253759147	0	1	0.441578947	0.0593	0.532	0.026	-3.444	0.3790000081	0.64	0	0.03300039653	0.36	0.3179999888	0.1350000054	B	B	0	D	1	0.8103299737	D	0.3950000107	N	1.44	T	-1.083	T	0.051	T	0.826	2.171	13.22	5.119999886	5.119999886	2.39	9.622	16.065
M62I	16	1365690	G	T	0.4253759147	0	1	0.241447368	0.5245	0.532	0.026	-3.444	0.3790000081	0.64	0	0.03279540516	0.36	0.3179999888	0.1350000054	B	B	0	D	1	0.8103299737	D	0.3950000107	N	1.44	T	-1.083	T	0.051	T	0.826	2.232	13.42	5.119999886	5.119999886	2.39	9.622	16.065
L63V	16	1365691	C	G	1.204192716	0	0	0.301315789	0.2049	0.361	0.004	-0.294	0.5970000029	0.73	0	0.01880490219	0.27	0.003000000026	0.00400000019	B	B	0.0000009999999975	D	1	0.8103299737	D	0.01999999955	N	1.21	T	-1.089	T	0.046	T	0.688	1.45	10.79	5.119999886	4.159999847	2.39	4.661	11.881
F64I	16	1365694	T	A	0.9741640532	0	0	0	0.2266	0.942	0.935	-5.7	0	1	1	0.1553983934	0	1	1	D	D	0	D	1	0.8103299737	D	2.585000038	M	0.97	T	-0.442	T	0.278	T	0.74	4.108	21.2	5.119999886	5.119999886	1.936	7.929	12.884
F64L	16	1365694	T	C	0.6336292328	0	0	0.044736842	0.6724	0.931	0.919	-5.7	0.001000000047	1	1	0.1163268438	0	1	0.9990000129	D	D	0	D	1	0.8103299737	D	2.650000095	M	1	T	-0.442	T	0.278	T	0.693	4.05	20.8	5.119999886	5.119999886	1.936	7.929	12.884
F64L	16	1365696	C	A	0.6336292328	0	0	0.301315789	0.3532	0.931	0.919	-5.7	0.001000000047	1	1	0.1430625557	0	1	0.9990000129	D	D	0	D	1	0.8103299737	D	2.650000095	M	1	T	-0.703	T	0.226	T	0.693	3.181	16.64	5.119999886	2.930000067	1.16	3.475	4.637
F64L	16	1365696	C	G	0.6336292328	0	0	0.207236842	0.0367	0.931	0.919	-5.7	0.001000000047	1	1	0.1207056064	0	1	0.9990000129	D	D	0	D	1	0.8103299737	D	2.650000095	M	1	T	-0.703	T	0.226	T	0.693	3.118	16.42	5.119999886	2.930000067	1.16	3.475	4.637
K65E	16	1365697	A	G	1.062227344	0	0	0.215789474	0.3899	0.455	0.386	-2.086	0.02099999972	0.64	0	0.07045447175	0.36	0.08100000024	0.1220000014	B	B	0	D	1	0.8103299737	D	2.125	M	1.24	T	-1.057	T	0.102	T	0.672	2.024	12.73	5.119999886	3.99000001	0.749	7.332	10.019
K65R	16	1365698	A	G	1.452629903	0	0	0.544736842	0.1336	0.484	0.319	-1.703	0.1120000035	0.74	0	0.03454086239	0.26	0.001000000047	0.006000000052	B	B	0	D	1	0.8103299737	D	1.085000038	L	1.18	T	-1.087	T	0.073	T	0.515	2.218	13.37	5.119999886	5.119999886	1.936	9.206	12.884
K65N	16	1365699	A	C	1.680310603	0	0	0.057236842	0.3792	0.513	0.272	-2.359	0.1529999971	0.8	0	0.02760663504	0.2	0.00400000019	0.01300000027	B	B	0	D	1	0.8103299737	D	0.1899999976	N	1.21	T	-1.092	T	0.043	T	0.317	1.329	10.36	5.119999886	-1.539999962	-0.238	2.831	10.658
K65N	16	1365699	A	T	1.680310603	0	0	0	0.5385	0.513	0.272	-2.359	0.1529999971	0.8	0	0.02725456944	0.2	0.00400000019	0.01300000027	B	B	0	D	1	0.8103299737	D	0.1899999976	N	1.21	T	-1.092	T	0.043	T	0.317	1.437	10.75	5.119999886	-1.539999962	-0.238	2.831	10.658
Y68H	16	1365706	T	C	0.4237017945	0	1	0.728947368	0.8274	0.852	0.855	-4.273	0.03200000152	1	1	0.3426772885	0	1	0.9980000257	D	D	0	D	1	0.8103299737	D	4.445000172	H	-0.36	T	0.304	D	0.63	D	0.623	2.469	14.21	5.119999886	4.03000021	0.82	7.929	8.644
Y68C	16	1365707	A	G	0.1662397994	1	1	1.894736842	0.7474	0.854	0.945	-7.515	0.001000000047	1	1	0.3904779016	0	1	0.9980000257	D	D	0	D	1	0.8103299737	D	4.989999771	H	-0.38	T	0.402	D	0.671	D	0.66	2.128	13.07	5.119999886	4.03000021	0.792	7.344	9.14
S70P	16	1365712	T	C	0.1493095603	1	1	0	0.2486	0.421	0.501	-3.868	0.008999999613	1	1	0.2295591425	0	0.9779999852	0.550999999	D	P	0	D	1	0.8103299737	D	2.994999886	M	1.16	T	-0.641	T	0.168	T	0.785	3.106	16.38	4.820000172	4.820000172	1.936	5.047	12.633
S71P	16	1365715	T	C	0.2251733952	1	1	0	0.2083	0.524	0.059	-2.987	0.006000000052	1	1	0.04602639934	0	0.9929999709	0.9499999881	D	D	0.0000009999999975	D	1	0.8103299737	D	2.755000114	M	1.08	T	-0.432	T	0.274	T	0.754	3.238	16.85	5.119999886	5.119999886	1.936	7.847	12.884
S71T	16	1365715	T	A	0.4660096719	0	1	0	0.4985	0.461	0.544	-0.862	0.1860000044	0.89	0	0.1914234126	0.11	0.002000000095	0.03500000015	B	B	0.0000009999999975	D	1	0.8103299737	D	0.4699999988	N	1.14	T	-1.089	T	0.062	T	0.599	2.769	15.22	5.119999886	5.119999886	1.936	7.847	12.884
P73L	16	1365722	C	T	0.02942741985	1	1	0.042982456	0.3486	0.817	0.905	-8.799	0.001000000047	1	1	0.3801476957	0	1	1	D	D	0	D	1	0.8103299737	D	4.275000095	H	-0.19	T	0.579	D	0.614	D	0.919	3.305	17.11	5.119999886	5.119999886	2.39	7.71	16.065
K74E	16	1365724	A	G	1.423515787	0	0	0	0.3189	0.503	0.353	-3.486	0.04399999976	0.97	1	0.07084528466	0.03	0.7979999781	0.4169999957	P	B	0	D	1	0.8103299737	D	2.99000001	M	1.06	T	-0.638	T	0.185	T	0.823	3.302	17.1	5.119999886	5.119999886	1.936	7.394	12.884
K74R	16	1365725	A	G	-0.3353624708	1	1	1.828070175	0.6944	0.491	0.293	-2.623	0.1080000028	0.94	0	0.03462839444	0.06	0.7089999914	0.3729999959	P	B	0	D	1	0.8103299737	D	2.700000048	M	1.04	T	-0.78	T	0.155	T	0.523	2.841	15.46	5.119999886	3.980000019	1.936	6.168	10.398
C75R	16	1365727	T	C	-0.02726952828	1	1	0.446710526	0.6544	0.813	0.935	-10.92	0	1	1	NA	0	1	1	D	D	0	D	1	0.8103299737	D	3.99000001	H	1.18	T	-0.323	T	0.32	T	0.686	-0.135	3.338	5.119999886	4.019999981	0.792	6.168	9.14
K76E	16	1370177	A	G	0.7602953675	0	0	0	0.2989	0.499	0.613	-3.15	0.003000000026	1	1	0.08334178056	0	0.9399999976	0.6159999967	P	P	0	N	1	0.8103299737	D	3.595000029	H	1.1	T	-0.328	T	0.254	T	0.895	4.295	22.5	5.130000114	5.130000114	2.163	9.083	12.927
K76R	16	1370178	A	G	0.9846341459	0	0	1.994736842	0.6624	0.459	0.512	-2.09	0.1220000014	0.69	0	0.08456533309	0.31	0.1220000014	0.0700000003	B	B	0	D	1	0.8103299737	D	1.519999981	L	1.12	T	-1.047	T	0.098	T	0.668	3.138	16.49	5.130000114	5.130000114	2.163	9.083	12.927
K76T	16	1370178	A	C	0.9882698212	0	0	0.455263158	0.6888	0.483	0.252	-4.776	0.00400000019	1	1	0.02598401989	0	0.9959999919	0.9380000234	D	D	0	D	1	0.8103299737	D	2.269999981	M	1.07	T	-0.586	T	0.239	T	0.8	4.331	22.8	5.130000114	5.130000114	2.163	9.083	12.927
F77S	16	1370181	T	C	-0.1978229091	1	1	0	0.6698	0.812	0.867	-7.279	0	1	1	0.1895642865	0	1	1	D	D	0	D	1	0.8103299737	D	4.690000057	H	0.69	T	0.362	D	0.497	T	0.98	4.391	23.2	5.130000114	5.130000114	2.163	7.822	12.927
E78G	16	1370184	A	G	0.9080796757	0	0	1.136842105	0.7308	0.419	0.371	-4.049	0.1459999979	0.65	0	0.04229678209	0.35	0.9869999886	0.8679999709	D	P	0	D	1	0.8103299737	D	1.934999943	M	1.14	T	-0.944	T	0.161	T	0.894	3.057	16.2	5.130000114	5.130000114	2.163	9.083	12.927
F82L	16	1370195	T	C	0.03534945662	1	1	1.628070175	0.8747	0.718	0.592	-5.674	0.07900000364	0.99	1	0.05614407505	0.01	0.9240000248	0.5860000253	D	D	0	D	1	0.8103299737	D	2.680000067	M	1.19	T	-0.583	T	0.23	T	0.891	4.673	25.8	5.130000114	5.130000114	2.163	7.822	12.927
F82L	16	1370197	T	A	0.03534945662	1	1	0.039035088	0.7221	0.718	0.592	-5.674	0.07900000364	0.99	1	0.03134353423	0.01	0.9240000248	0.5860000253	D	D	0	D	1	0.5881400108	D	2.680000067	M	1.19	T	-0.381	T	0.194	T	0.891	3.785	19.22	5.130000114	-8.079999924	-2.083	-0.107	18.407
F82L	16	1370197	T	G	0.03534945662	1	1	0.039035088	0.3116	0.718	0.592	-5.674	0.07900000364	0.99	1	0.03278210185	0.01	0.9240000248	0.5860000253	D	D	0	D	1	0.5881400108	D	2.680000067	M	1.19	T	-0.381	T	0.194	T	0.891	3.675	18.68	5.130000114	-8.079999924	-2.083	-0.107	18.407
H83R	16	1370199	A	G	-0.01706908709	1	1	0.945614035	0.7531	0.927	0.919	-7.417	0.001000000047	1	1	0.2289868368	0	1	0.9869999886	D	D	0	D	1	0.8103299737	D	5.085000038	H	0.25	T	0.603	D	0.618	D	0.966	4.357	23	5.130000114	5.130000114	2.163	9.083	12.927
P84S	16	1370201	C	T	0.06437627943	1	1	0	0.7677	0.874	0.856	-7.259	0.001000000047	1	1	0.24168122	0	1	0.9869999886	D	D	0	D	1	0.8103299737	D	4.675000191	H	0.05	T	0.673	D	0.649	D	0.856	4.803	27.1	5.130000114	5.130000114	2.679	7.606	16.113
P84L	16	1370202	C	T	0.976241513	0	0	1.894736842	0.6098	0.866	0.694	-8.875	0.01499999966	0.99	1	0.2958805366	0.01	1	0.9950000048	D	D	0	D	1	0.8103299737	D	4.46999979	H	0.04	T	0.431	D	0.598	D	0.768	4.337	22.8	5.130000114	4.179999828	1.409	7.606	11.383
N85D	16	1370204	A	G	-0.0423131463	1	1	0	0.2812	0.822	0.911	-4.716	0.001000000047	1	1	0.1422989748	0	1	0.9929999709	D	D	0	D	1	0.8103299737	D	4.53000021	H	0.48	T	0.378	D	0.52	D	0.623	4.574	24.8	5.130000114	5.130000114	2.163	9.083	12.927
V86M	16	1370207	G	A	0.9427945862	0	0	1.378947368	0.6191	0.785	0.828	-2.615	0.01099999994	1	1	0.09602425199	0	0.9900000095	0.7360000014	D	P	0	D	1	0.8103299737	D	4.630000114	H	0.49	T	0.366	D	0.471	T	0.841	4.594	25	5.130000114	5.130000114	2.679	9.596	16.113
V86A	16	1370208	T	C	0.3593749914	0	1	0.626315789	0.7444	0.79	0.873	-3.787	0	1	1	0.2065717321	0	0.9940000176	0.9580000043	D	D	0	D	1	0.8103299737	D	4.630000114	H	0.5	T	0.083	D	0.491	T	0.716	4.196	21.8	5.130000114	4.039999962	0.988	7.822	8.8
Y87H	16	1370210	T	C	0.3179984301	0	1	0.803070175	0.8754	0.605	0.846	-4.506	0	1	1	0.1145733654	0	1	0.9959999919	D	D	0	D	1	0.8103299737	D	2.859999895	M	1.07	T	-0.372	T	0.295	T	0.911	4.391	23.2	5.130000114	5.130000114	2.163	7.822	12.927
Y87N	16	1370210	T	A	-0.09359989347	1	1	1.631578947	0.5075	0.599	0.768	-7.924	0	1	1	0.0765027314	0	1	0.9950000048	D	D	0	D	1	0.8103299737	D	2.299999952	M	1.16	T	-0.656	T	0.217	T	0.906	4.541	24.5	5.130000114	5.130000114	2.163	7.822	12.927
Y87C	16	1370211	A	G	0.1310806013	1	1	0.911403509	0.7631	0.617	0.786	-7.755	0	1	1	0.1133493611	0	1	0.9959999919	D	D	0	D	1	0.8103299737	D	4.425000191	H	1.04	T	0.202	D	0.43	T	0.953	4.222	21.9	5.130000114	5.130000114	2.163	9.083	12.927
P88S	16	1370213	C	T	1.197093135	0	0	0.472368421	0.4762	0.396	0.331	-6.802	0.03200000152	1	1	0.05668111144	0	0.9359999895	0.5230000019	P	P	0	D	1	0.8103299737	D	1.855000019	L	1.25	T	-0.956	T	0.111	T	0.503	4.024	20.6	5.130000114	4.179999828	1.409	7.606	11.383
P88L	16	1370214	C	T	1.291683213	0	0	0.788815789	0.9703	0.469	0.512	-8.643	0.01799999923	1	1	0.05663302656	0	0.9990000129	0.9589999914	D	D	0	D	1	0.8103299737	D	2.130000114	M	1.19	T	-0.693	T	0.216	T	0.807	4.795	27	5.130000114	5.130000114	2.679	7.606	16.113
S89A	16	1370216	T	G	1.222558711	0	0	0.857236842	0.9857	0.508	0.736	-2.563	0.001000000047	1	1	0.09462817882	0	0.9800000191	0.9240000248	D	D	0	D	1	0.8103299737	D	2.934999943	M	1.14	T	-0.477	T	0.248	T	0.509	4.31	22.6	5.130000114	5.130000114	2.163	7.822	12.927
S89P	16	1370216	T	C	0.4486570801	0	1	1.344736842	0.8404	0.492	0.632	-4.435	0.001000000047	1	1	0.0746484165	0	1	0.9879999757	D	D	0	D	1	0.8103299737	D	3.704999924	H	1.08	T	-0.087	T	0.356	T	0.711	4.372	23.1	5.130000114	5.130000114	2.163	7.822	12.927
S89L	16	1370217	C	T	0.5442969026	0	1	0.220065789	0.9753	0.494	0.387	-4.861	0.01799999923	0.97	1	0.0803134475	0.03	0.9909999967	0.6700000167	D	P	0	D	1	0.8103299737	D	2.535000086	M	1.1	T	-0.712	T	0.184	T	0.524	4.43	23.6	5.130000114	4.179999828	1.394	7.606	11.164
G90R	16	1370219	G	A	0.3111988624	0	1	1.323684211	0.988	0.938	0.935	-7.317	0	1	1	0.5231066496	0	1	1	D	D	0	D	1	0.8103299737	D	4.385000229	H	-0.95	T	0.631	D	0.716	D	0.99	4.37	23.1	5.130000114	4.179999828	1.403	9.596	11.036
G90R	16	1370219	G	C	0.3111988624	0	1	0.870065789	0.995	0.938	0.935	-7.317	0	1	1	0.5135264154	0	1	1	D	D	0	D	1	0.8103299737	D	4.385000229	H	-0.95	T	0.631	D	0.716	D	0.99	4.249	22.1	5.130000114	4.179999828	1.403	9.596	11.036
T91A	16	1370222	A	G	1.554866063	0	0	1.344736842	0.9873	0.442	0.493	-4.722	0.02600000054	0.96	1	0.04990188232	0.04	1	0.9909999967	D	D	0	D	1	0.8103299737	D	1.769999981	L	1.24	T	-0.897	T	0.164	T	0.481	4.042	20.7	5.130000114	4.039999962	0.988	9.083	8.8
V92A	16	1370226	T	C	0.6114198803	0	0	0.586403509	0.6504	0.821	0.884	-3.911	0	1	1	0.1747335794	0	0.9990000129	0.9869999886	D	D	0	D	1	0.8103299737	D	4.445000172	H	0.75	T	0.288	D	0.473	T	0.904	4.768	26.8	5.130000114	5.130000114	2.163	7.822	12.927
V92E	16	1370226	T	A	-0.0250706831	1	1	0.409649123	0.9117	0.851	0.871	-5.854	0	1	1	0.1298715614	0	1	0.9959999919	D	D	0	D	1	0.8103299737	D	4.445000172	H	0.72	T	0.293	D	0.476	T	0.993	4.755	26.6	5.130000114	5.130000114	2.163	7.822	12.927
C93R	16	1370228	T	C	-0.3037168242	1	1	0.478070175	0.918	0.937	0.875	-11.34	0	1	1	0.1363414358	0	1	0.9990000129	D	D	0	D	1	0.8103299737	D	4.34499979	H	0.54	T	0.348	D	0.513	D	0.947	4.338	22.8	5.130000114	5.130000114	2.163	7.822	12.927
C93S	16	1370228	T	A	-0.2483333492	1	1	0.801315789	0.963	0.925	0.875	-9.396	0.00400000019	1	1	0.2443137721	0	1	0.9829999804	D	D	0	D	1	0.8103299737	D	3.88499999	H	0.57	T	0.189	D	0.464	T	0.858	5.033	29.8	5.130000114	5.130000114	2.163	7.822	12.927
C93S	16	1370229	G	C	-0.2483333492	1	1	0.694736842	0.9523	0.925	0.935	-9.396	0.00400000019	1	1	0.2018393473	0	1	0.9829999804	D	D	0	D	1	0.8103299737	D	3.88499999	H	0.57	T	0.098	D	0.45	T	0.858	4.545	24.6	5.130000114	4.179999828	1.409	9.596	11.383
C93Y	16	1370229	G	A	0.05006542954	1	1	1.807017544	0.993	0.904	0.875	-10.442	0	1	1	0.1484028523	0	1	0.9990000129	D	D	0	D	1	0.8103299737	D	4.235000134	H	0.55	T	0.21	D	0.487	T	0.781	4.17	21.6	5.130000114	4.179999828	1.409	9.596	11.383
L94P	16	1370232	T	C	-0.3552337388	1	1	0.801315789	0.6864	0.898	0.906	-6.702	0	1	1	0.2901848738	0	1	0.9990000129	D	D	0.000001999999995	D	1	0.8103299737	D	4.855000019	H	0.49	T	0.478	D	0.555	D	0.995	4.473	23.9	5.130000114	5.130000114	2.163	7.822	12.927
L94Q	16	1370232	T	A	NA	0	0	0.694736842	0.7514	0.887	0.935	-5.746	0	1	1	0.2653552703	0	1	0.9990000129	D	D	0.000001999999995	D	1	0.8103299737	D	4.855000019	H	0.49	T	0.478	D	0.555	D	0.97	4.683	25.9	5.130000114	5.130000114	2.163	7.822	12.927
S95P	16	1370234	T	C	-0.0852711344	1	1	1.344736842	0.855	0.866	0.461	-4.725	0	1	1	0.09946324701	0	0.9959999919	0.9599999785	D	D	0	D	1	0.8103299737	D	3.650000095	H	1.02	T	-0.103	T	0.348	T	0.963	4.792	27	5.130000114	5.130000114	2.163	7.822	12.927
I96L	16	1370237	A	C	1.043797125	0	0	0.951315789	0.8031	0.864	0.043	0.008	0.2599999905	0.85	0	0.02274395257	0.15	0	0.002000000095	B	B	0	D	1	0.8103299737	D	1.664999962	L	0.63	T	-0.984	T	0.126	T	0.718	3.294	17.07	5.130000114	5.130000114	2.163	9.083	12.927
I96V	16	1370237	A	G	1.465876474	0	0	1.344736842	0.9234	0.841	0.388	-0.91	0.03200000152	1	1	0.04219915762	0	0.02600000054	0.03799999878	B	B	0	D	1	0.8103299737	D	2.559999943	M	0.83	T	-0.792	T	0.173	T	0.59	3.542	18.07	5.130000114	5.130000114	2.163	9.083	12.927
I96T	16	1370238	T	C	1.53910092	0	0	0.506578947	0.7061	0.915	0.587	-3.705	0	1	1	0.1170111098	0	0.8220000267	0.6389999986	P	P	0	D	1	0.8103299737	D	2.924999952	M	0.51	T	-0.325	T	0.302	T	0.969	4.62	25.3	4.980000019	4.980000019	2.099	7.822	12.663
L97I	16	1370240	T	A	1.737587955	0	0	1.764912281	0.9054	0.917	0.436	-1.821	0.04800000042	0.96	1	0.08394345495	0.04	0.3409999907	0.4769999981	B	P	0.000001999999995	D	1	0.8103299737	D	3.355000019	M	0.03	T	-0.337	T	0.363	T	0.713	3.806	19.32	5.130000114	3.039999962	1.38	1.816	5.273
L97S	16	1370241	T	C	0.3623480497	0	1	0.694736842	0.972	0.914	0.884	-5.585	0	1	1	0.4020689096	0	1	0.9919999838	D	D	0.000001999999995	D	1	0.8103299737	D	5.039999962	H	-0.13	T	0.673	D	0.661	D	0.958	4.57	24.8	5.130000114	5.130000114	2.163	7.822	12.927
E98G	16	1370244	A	G	2.226369128	0	0	0.430701754	0.8937	0.442	0.286	-2.513	0.05999999866	0.9	0	0.03317564513	0.1	0.6560000181	0.298999995	P	B	0	D	1	0.8103299737	D	0.224999994	N	1.14	T	-1.07	T	0.058	T	0.822	3.574	18.21	5.130000114	5.130000114	2.163	9.083	12.927
E99G	16	1370247	A	G	0.07972814633	1	1	0	0.1456	0.508	0.46	-6.354	0.001000000047	1	1	0.0933797337	0	0.7620000243	0.4050000012	P	B	0	D	1	0.8103299737	D	3.170000076	M	1.07	T	-0.551	T	0.2	T	0.816	4.823	27.3	5.130000114	5.130000114	2.163	9.083	12.927
D100G	16	1370250	A	G	0.2075486204	1	1	0.512280702	0.4192	0.387	0.249	-4.164	0.07800000161	0.91	0	0.01960673831	0.09	0.001000000047	0.003000000026	B	B	0	D	1	0.8103299737	D	2.5	M	1.16	T	-0.962	T	0.119	T	0.912	3.365	17.34	5.130000114	5.130000114	2.163	9.083	12.927
K101E	16	1370252	A	G	0.8260562515	0	0	1.557894737	0.7388	0.383	0.004	-2.934	0.7039999962	0.31	0	0.0263653277	0.69	0.9810000062	0.8249999881	D	P	0	D	1	0.8103299737	D	-0.3249999881	N	1.16	T	-1.059	T	0.067	T	0.733	3.302	17.1	5.130000114	5.130000114	2.163	9.083	12.927
K101R	16	1370253	A	G	1.350996428	0	0	0	0.4712	0.295	0.327	-2.383	0.05299999937	0.94	0	0.01916979968	0.06	0.8180000186	0.4009999931	P	B	0	D	1	0.8103299737	D	1.934999943	M	1.16	T	-0.971	T	0.11	T	0.506	3.797	19.28	5.130000114	5.130000114	2.163	9.083	12.927
D102N	16	1370255	G	A	0.3877375502	0	1	0.065789474	0.051	0.432	0.066	-2.854	0.1110000014	0.81	0	0.06075583986	0.19	0.8159999847	0.7009999752	P	P	0	N	1	0.8103299737	D	1.725000024	L	-0.1	T	-0.416	T	0.368	T	0.172	4.688	25.9	5.130000114	4.139999866	1.34	9.596	12.423
D102G	16	1370256	A	G	1.587070527	0	0	0.219736842	0.1483	0.45	0.002	-3.279	0.5320000052	0.47	0	0.05633497123	0.53	0.01499999966	0.07999999821	B	B	0	D	1	0.8103299737	D	0.7149999738	N	-0.1	T	-0.95	T	0.188	T	0.786	3.226	16.81	5.130000114	4.010000229	0.931	9.083	10.152
W103R	16	1370258	T	A	0.07067956625	1	1	0	0.0447	0.942	0.906	-13.442	0	1	1	0.449572769	0	1	0.9959999919	D	D	0	D	1	0.8103299737	D	5.085000038	H	-0.67	T	0.8	D	0.742	D	0.963	4.571	24.8	5.130000114	5.130000114	2.163	7.822	12.927
W103R	16	1370258	T	C	0.07067956625	1	1	0.057236842	0.4492	0.942	0.906	-13.442	0	1	1	0.444935942	0	1	0.9959999919	D	D	0	D	1	0.8103299737	D	5.085000038	H	-0.67	T	0.8	D	0.742	D	0.963	4.455	23.8	5.130000114	5.130000114	2.163	7.822	12.927
R104G	16	1370261	A	G	-0.1629011829	1	1	0.566447368	0.6445	0.624	0.445	-6.071	0.001000000047	1	1	0.1692533545	0	0.9890000224	0.8870000243	D	P	0	D	1	0.8103299737	D	2.599999905	M	1.16	T	-0.678	T	0.198	T	0.94	3.864	19.63	5.130000114	0.04289999977	-0.181	4.191	13.282
R104K	16	1370262	G	A	0.1341898766	1	1	0.065789474	0.2359	0.566	0	-1.371	0.7620000243	0.28	0	0.01374360466	0.72	0.01899999939	0.0390000008	B	B	0	D	1	0.8103299737	D	-0.6100000143	N	1.28	T	-1.052	T	0.04	T	0.673	3.245	16.88	5.130000114	5.130000114	2.679	9.596	16.113
I107V	16	1370270	A	G	1.100056963	0	0	1.053947368	0.9923	0.591	0.272	-0.556	0.1150000021	0.87	0	0.01385392018	0.13	0.006000000052	0.009999999776	B	B	0	D	1	0.8103299737	D	1.600000024	L	1.21	T	-1.062	T	0.088	T	0.403	3.286	17.03	5.130000114	5.130000114	2.163	9.083	12.927
I107N	16	1370271	T	A	1.454605343	0	0	0	0.2529	0.685	0.713	-6.157	0	1	1	0.1382335203	0	0.9909999967	0.94599998	D	D	0	D	1	0.8103299737	D	2.875	M	1.16	T	-0.5	T	0.246	T	0.828	4.453	23.7	5.130000114	5.130000114	2.163	7.822	12.927
I107T	16	1370271	T	C	0.1533309051	1	1	0	0.2139	0.593	0.324	-3.852	0.03700000048	0.97	1	0.03839577595	0.03	0.1070000008	0.199000001	B	B	0	D	1	0.8103299737	D	1.934999943	M	1.22	T	-0.946	T	0.12	T	0.93	3.388	17.43	5.130000114	5.130000114	2.163	7.822	12.927
T108A	16	1370273	A	G	1.961617436	0	0	1.481578947	0.4675	0.682	0.627	-4.515	0.001000000047	0.99	1	0.07529383015	0.01	0.7860000134	0.4210000038	P	P	0	D	1	0.8103299737	D	4.28000021	H	1.09	T	-0.174	T	0.29	T	0.815	4.601	25.1	5.130000114	5.130000114	2.163	9.083	12.927
I109L	16	1370276	A	C	0.6300222552	0	0	0	0.082	0.738	0.037	-1.687	0.2389999926	0.85	0	0.0189776468	0.15	0.003000000026	0.02999999933	B	B	0	D	1	0.8103299737	D	1.169999957	L	1.28	T	-1.081	T	0.077	T	0.563	2.957	15.86	5.130000114	5.130000114	2.163	9.083	12.927
I109N	16	1370277	T	A	0.075251256	1	1	0	0.062	0.862	0.859	-6.431	0	1	1	0.1145477287	0	0.9990000129	0.9779999852	D	D	0	D	1	0.8103299737	D	4.039999962	H	0.96	T	0.033	D	0.383	T	0.777	4.322	22.7	5.130000114	5.130000114	2.163	7.822	12.927
I109T	16	1370277	T	C	0.2580198037	1	1	0.147368421	0.7991	0.87	0.801	-4.427	0.001000000047	1	1	0.08743978801	0	0.9750000238	0.9139999747	D	D	0	D	1	0.8103299737	D	3.414999962	M	1.02	T	-0.218	T	0.318	T	0.935	4.384	23.2	5.130000114	5.130000114	2.163	7.822	12.927
K110E	16	1370279	A	G	0.3888926843	0	1	1.053947368	0.7014	0.558	0.446	-3.738	0.00400000019	0.98	1	0.04468777182	0.02	0.9679999948	0.5950000286	D	P	0	D	1	0.8103299737	D	1.38499999	L	1.25	T	-1.001	T	0.107	T	0.852	4.645	25.5	5.130000114	5.130000114	2.163	9.083	12.927
K110R	16	1370280	A	G	0.8945037304	0	0	1.156578947	0.8454	0.487	0.489	-2.767	0.07100000232	0.91	0	0.05145041586	0.09	0.1199999973	0.06400000304	B	B	0	D	1	0.8103299737	D	1.195000052	L	1.2	T	-1.064	T	0.08	T	0.636	3.36	17.32	5.130000114	5.130000114	2.163	9.083	12.927
K110T	16	1370280	A	C	-0.1879882065	1	1	1.794736842	0.7791	0.586	0.286	-5.583	0.01799999923	0.97	1	0.02183218593	0.03	0.9909999967	0.8769999743	D	P	0	D	1	0.8103299737	D	2.565000057	M	1.15	T	-0.668	T	0.207	T	0.77	4.264	22.2	5.130000114	5.130000114	2.163	9.083	12.927
Q111P	16	1370283	A	C	0.8419283623	0	0	0.438157895	0.914	0.648	0.7	-5.818	0.001000000047	1	1	0.1305789076	0	0.996999979	0.9380000234	D	D	0	D	1	0.8103299737	D	3.954999924	H	1.07	T	-0.065	T	0.353	T	0.943	3.882	19.73	4.650000095	4.650000095	1.958	9.083	12.08
Q111H	16	1370284	G	C	0.629786186	0	0	0.181578947	0.6521	0.565	0.692	-4.846	0.001000000047	1	1	NA	0	0.9980000257	0.9319999814	D	D	0	D	1	0.8103299737	D	2.36500001	M	1.08	T	-0.527	T	0.251	T	0.774	4.053	20.8	4.650000095	4.650000095	2.419	9.596	15.075
Q111H	16	1370284	G	T	0.629786186	0	0	0.506578947	0.898	0.565	0.692	-4.846	0.001000000047	1	1	NA	0	0.9980000257	0.9319999814	D	D	0	D	1	0.8103299737	D	2.36500001	M	1.08	T	-0.527	T	0.251	T	0.774	4.113	21.2	4.650000095	4.650000095	2.419	9.596	15.075
I112V	16	1370439	A	G	0.7752928282	0	0	0	0.7874	0.577	0.256	-0.87	0.07999999821	NA	NA	0.03402772172	NA	0.2189999968	0.09600000083	B	B	0	D	1	0.8103299737	D	1.254999995	L	1.28	T	-1.08	T	0.075	T	0.439	2.465	14.2	5.130000114	5.130000114	2.163	9.083	12.927
I112T	16	1370440	T	C	1.826717541	0	0	0	0.2196	0.761	0.739	-4.492	0	1	1	0.1313863224	0	0.9980000257	0.9829999804	D	D	0	D	1	0.8103299737	D	3.11500001	M	0.73	T	-0.199	T	0.348	T	0.953	3.652	18.57	5.130000114	5.130000114	2.163	7.822	12.927
L113V	16	1370442	C	G	0.6176384453	0	0	0.207236842	0.1783	0.905	0.702	-2.487	0.07299999893	0.95	1	0.09219361901	0.05	0.9990000129	0.9980000257	D	D	0.000001999999995	D	1	0.8103299737	D	2.700000048	M	0.4	T	-0.56	T	0.317	T	0.835	2.543	14.46	5.130000114	2.670000076	0.347	3.271	6.664
L113Q	16	1370443	T	A	-0.01622038352	1	1	0.344078947	0.3562	0.891	0.935	-5.544	0	1	1	0.2854201825	0	1	1	D	D	0.000001999999995	D	1	0.8103299737	D	4.925000191	H	0.26	T	0.583	D	0.611	D	0.966	3.989	20.4	5.130000114	5.130000114	2.163	7.822	12.927
L114I	16	1370445	T	A	0.5077615677	0	1	0.356907895	0.7471	0.629	0.261	-1.338	0.1319999993	0.85	0	0.03895136207	0.15	0.1319999993	0.1400000006	B	B	0.000001999999995	D	1	0.8103299737	D	1.919999957	M	1.05	T	-1.05	T	0.102	T	0.525	2.082	12.92	5.130000114	-1.460000038	-0.464	1.251	9.928
L114S	16	1370446	T	C	1.125920557	0	0	0.262828947	0.6688	0.69	0.688	-5.306	0.002000000095	1	1	0.117760017	0	0.9980000257	0.9319999814	D	D	0.000001999999995	D	1	0.8103299737	D	3.380000114	M	0.99	T	-0.246	T	0.311	T	0.904	4.02	20.6	5.130000114	5.130000114	2.163	7.822	12.927
G115E	16	1370449	G	A	0.1849751301	1	1	0.681578947	0.6088	0.781	0.755	-7.477	0.006000000052	1	1	0.07620918697	0	1	0.9769999981	D	D	0	D	1	0.8103299737	D	3.244999886	M	1.2	T	-0.33	T	0.292	T	0.973	4.699	26	5.130000114	5.130000114	2.679	9.596	16.113
I116V	16	1370451	A	G	0.886904294	0	0	0.938157895	0.3229	0.689	0.066	-0.928	0.172999993	0.88	0	0.01700790364	0.12	0.2189999968	0.09300000221	B	B	0	D	1	0.8103299737	D	1.934999943	M	1.01	T	-0.977	T	0.117	T	0.642	3.106	16.38	5.130000114	5.130000114	2.163	9.083	12.927
I116T	16	1370452	T	C	0.7199759086	0	0	0.313815789	0.0353	0.85	0.786	-4.785	0.003000000026	1	1	0.1232111387	0	0.9980000257	0.9599999785	D	D	0	D	1	0.8103299737	D	3.88499999	H	0.79	T	0.08	D	0.412	T	0.975	4.101	21.1	5.130000114	5.130000114	2.163	7.822	12.927
I116M	16	1370453	A	G	1.712690245	0	0	0	0.7208	0.739	0.766	-2.871	0.003000000026	1	1	0.1123133392	0	0.9300000072	0.5580000281	P	P	0	D	1	0.8103299737	D	3.88499999	H	0.79	T	-0.556	T	0.26	T	0.89	3.254	16.92	5.130000114	2.849999905	0.406	1.052	6.545
Q117L	16	1370455	A	T	0.5064307036	0	1	1.457894737	0.9007	0.68	0.608	-6.63	0	1	1	0.1209207145	0	1	0.9779999852	D	D	0	D	1	0.8103299737	D	2.545000076	M	1.24	T	-0.595	T	0.229	T	0.911	4.606	25.1	5.130000114	5.130000114	2.163	9.083	12.927
Q117R	16	1370455	A	G	0.4753760746	0	1	0	0.0886	0.721	0.85	-3.583	0.01499999966	0.99	1	0.05107221626	0.01	0.9190000296	0.6529999971	P	P	0	D	1	0.8103299737	D	2.644999981	M	1.09	T	-0.629	T	0.203	T	0.901	4.628	25.3	5.130000114	5.130000114	2.163	9.083	12.927
E118K	16	1370457	G	A	0.650491496	0	0	0.398245614	0.9107	0.675	0.297	-2.99	0.1040000021	0.92	0	0.01657233199	0.08	0.08399999887	0.03799999878	B	B	0	D	1	0.8103299737	D	1.684999943	L	1.22	T	-1.04	T	0.099	T	0.937	3.878	19.71	5.130000114	5.130000114	2.679	9.596	16.113
E118G	16	1370458	A	G	0.7528001295	0	0	1.194736842	0.5978	0.653	0.407	-3.54	0.01600000076	0.98	1	0.04630772354	0.02	0.03700000048	0.01799999923	B	B	0	D	1	0.8103299737	D	1.485000014	L	1.17	T	-1.044	T	0.086	T	0.813	3.397	17.47	5.130000114	5.130000114	2.163	9.083	12.927
E118V	16	1370458	A	T	0.7629051642	0	0	0	0.1193	0.702	0.368	-5.105	0.03099999949	1	1	0.03001597803	0	0.6949999928	0.1509999931	P	B	0	D	1	0.8103299737	D	1.110000014	L	1.25	T	-1.049	T	0.067	T	0.809	3.464	17.74	5.130000114	5.130000114	2.163	9.083	12.927
L119P	16	1370461	T	C	-0.05362175502	1	1	0	0.1273	0.907	0.945	-6.74	0	1	1	0.3278273081	0	1	1	D	D	0.000004999999874	D	1	0.8103299737	D	4.989999771	H	0.23	T	0.583	D	0.611	D	0.994	4.306	22.6	5.130000114	5.130000114	2.163	7.822	12.927
L119R	16	1370461	T	G	-0.06915769278	1	1	0.031578947	0.2576	0.922	0.935	-5.806	0	1	1	0.3231052784	0	1	1	D	D	0.000004999999874	D	1	0.8103299737	D	4.989999771	H	0.23	T	0.583	D	0.611	D	0.984	4.429	23.5	5.130000114	5.130000114	2.163	7.822	12.927
L120P	16	1370464	T	C	0.004477466499	1	1	0	0.3745	0.894	0.945	-6.623	0	1	1	0.2981653019	0	1	1	D	D	0.000001999999995	D	1	0.8103299737	D	4.980000019	H	0.39	T	0.506	D	0.565	D	0.992	4.3	22.5	5.130000114	5.130000114	2.163	7.822	12.927
N121D	16	1370466	A	G	0.8586368728	0	0	0.181578947	0.6065	0.42	0.001	-2.535	1	0	0	0.09080315759	1	0.003000000026	0.02099999972	B	B	0	D	1	0.8103299737	D	-0.6200000048	N	1.19	T	-1.04	T	0.03	T	0.232	2.564	14.53	5.130000114	4.039999962	0.988	9.083	8.8
N121Y	16	1370466	A	T	0.619671565	0	0	0.117105263	0.6671	0.446	0.387	-6.259	0.04199999943	1	1	0.02593867977	0	0.9990000129	0.9610000253	D	D	0	D	1	0.8103299737	D	1.850000024	L	1.12	T	-0.792	T	0.193	T	0.625	4.154	21.5	5.130000114	4.039999962	0.988	9.083	8.8
N121I	16	1370467	A	T	0.1591814738	1	1	0.378289474	0.3852	0.463	0.355	-6.928	0.02400000021	1	1	0.0724542847	0	0.9549999833	0.7099999785	P	P	0	D	1	0.8103299737	D	1.409999967	L	1.13	T	-0.952	T	0.132	T	0.593	3.405	17.5	5.130000114	4.050000191	0.99	9.083	8.982
N121S	16	1370467	A	G	0.8153360421	0	0	0	0.4039	0.303	0.411	-3.425	0.0549999997	0.9	0	0.02168216203	0.1	0.351000011	0.1459999979	B	B	0	D	1	0.8103299737	D	0.7099999785	N	1.25	T	-1.086	T	0.059	T	0.087	2.853	15.5	5.130000114	4.050000191	0.99	9.083	8.982
E122K	16	1370469	G	A	0.4509946544	0	1	0.694736842	0.5248	0.676	0.048	-2.868	0.09399999678	0.96	1	0.03248455623	0.04	0.8949999809	0.4329999983	P	B	0	D	1	0.8103299737	D	2.875	M	1.09	T	-0.627	T	0.184	T	0.884	4.15	21.4	5.130000114	5.130000114	2.679	9.596	16.113
E122G	16	1370470	A	G	0.5219300299	0	1	0.429605263	0.8757	0.624	0.47	-4.631	0.04500000179	0.96	1	0.06344572465	0.04	0.8849999905	0.4390000105	P	B	0	D	1	0.8103299737	D	2.99000001	M	1.04	T	-0.632	T	0.182	T	0.866	3.681	18.7	5.130000114	5.130000114	2.163	9.083	12.927
N124S	16	1370476	A	G	0.04406575098	1	1	0.078947368	0.6898	0.806	0.505	-4.238	0.02300000004	0.98	1	0.05294646351	0.02	0.6690000296	0.1969999969	P	B	0	D	1	0.8103299737	D	4.105000019	H	1	T	-0.39	T	0.218	T	0.331	3.141	16.5	5.130000114	5.130000114	2.163	9.083	12.927
N124K	16	1370477	T	A	-0.1683446528	1	1	0.694736842	0.872	0.812	0.879	-5.379	0.001000000047	1	1	0.08076290082	0	0.9990000129	0.9689999819	D	D	0	D	1	0.8103299737	D	4.565000057	H	1.03	T	0.224	D	0.431	T	0.431	3.739	18.98	5.130000114	5.130000114	2.163	2.137	12.927
N124K	16	1370477	T	G	-0.1683446528	1	1	0	0.4355	0.812	0.879	-5.379	0.001000000047	1	1	0.08366372308	0	0.9990000129	0.9689999819	D	D	0	D	1	0.8103299737	D	4.565000057	H	1.03	T	0.224	D	0.431	T	0.431	3.629	18.46	5.130000114	5.130000114	2.163	2.137	12.927
I125F	16	1370478	A	T	NA	0	0	0.857236842	0.4518	0.524	0.006	-3.16	0.7549999952	0.99	1	0.01375716671	0.01	0.1070000008	0.1040000021	B	B	0	D	1	0.8103299737	D	1.61500001	L	1.17	T	-1.01	T	0.096	T	0.718	0.879	8.567	5.130000114	5.130000114	2.163	9.083	12.927
I125V	16	1370478	A	G	0.1157991947	1	1	0.707236842	0.7527	0.501	0.005	0.016	0.6150000095	0.78	0	0.006589014659	0.22	0.002000000095	0.01600000076	B	B	0	D	1	0.8103299737	D	0.3849999905	N	1.2	T	-1.092	T	0.057	T	0.636	0.507	6.751	5.130000114	5.130000114	2.163	9.083	12.927
I125T	16	1370479	T	C	0.874672139	0	0	0.065789474	0.2866	0.456	0.013	-2.574	0.5059999824	0.75	0	0.01686847745	0.25	0.2080000043	0.2419999987	B	B	0	D	1	0.8103299737	D	0.6850000024	N	1.31	T	-1.058	T	0.074	T	0.838	0.246	5.33	5.019999981	5.019999981	2.106	7.822	12.72
Q126L	16	1370482	A	T	-0.1820624065	1	1	1.276315789	0.6861	0.413	0.029	-3.141	0.172999993	0.84	0	0.02739729897	0.16	0.001000000047	0.00400000019	B	B	0	D	1	0.8103299737	D	-0.09000000358	N	1.2	T	-1.099	T	0.043	T	0.631	1.488	10.92	5.130000114	4.039999962	0.975	7.261	9.093
Q126R	16	1370482	A	G	0.8710337355	0	0	0.390789474	0.1766	0.36	0.032	-0.758	0.2360000014	0.85	0	0.01154676235	0.15	0.001000000047	0.002000000095	B	B	0	D	1	0.8103299737	D	0.5	N	1.2	T	-1.1	T	0.052	T	0.301	1.273	10.16	5.130000114	4.039999962	0.975	7.261	9.093
Q126H	16	1370483	A	C	0.1928632267	1	1	0	0.7291	0.36	0.32	-1.72	0.0869999975	0.92	0	0.01259019283	0.08	0.8050000072	0.3350000083	P	B	0	D	1	0.5881400108	D	0.4600000083	N	1.16	T	-1.115	T	0.049	T	0.469	1.414	10.66	5.130000114	0.3819999993	-0.106	1.86	8.124
Q126H	16	1370483	A	T	0.1928632267	1	1	0.669078947	0.7557	0.36	0.32	-1.72	0.0869999975	0.92	0	0.01375434606	0.08	0.8050000072	0.3350000083	P	B	0	D	1	0.5881400108	D	0.4600000083	N	1.16	T	-1.115	T	0.049	T	0.469	1.522	11.04	5.130000114	0.3819999993	-0.106	1.86	8.124
D127G	16	1370485	A	G	-0.3744023432	1	1	0	0.8497	0.646	0.571	-5.779	0.03099999949	0.98	1	0.1485974579	0.02	0.9940000176	0.9480000138	D	D	0	D	1	0.8103299737	D	3.065000057	M	1.07	T	-0.337	T	0.299	T	0.958	3.636	18.49	5.130000114	5.130000114	2.163	9.083	12.927
D127V	16	1370485	A	T	-0.3854862532	1	1	0.053289474	0.3865	0.763	0.772	-7.754	0.003000000026	1	1	0.06509171349	0	0.9990000129	0.9840000272	D	D	0	D	1	0.8103299737	D	3.519999981	H	1.09	T	-0.135	T	0.344	T	0.98	3.318	17.16	5.130000114	5.130000114	2.163	9.083	12.927
A129V	16	1370491	C	T	-0.1063060065	1	1	0.540789474	0.1403	0.74	0.526	-3.622	0.03299999982	0.99	1	0.04013024775	0.01	1	0.9480000138	D	D	0	D	1	0.8103299737	D	2.470000029	M	1.13	T	-0.503	T	0.271	T	0.707	4.384	23.2	5.130000114	5.130000114	2.679	7.606	16.113
Q130L	16	1370494	A	T	0.2751323697	1	1	0.626315789	1.1366	0.642	0.609	-6.806	0.001000000047	1	1	0.1563962483	0	1	0.9950000048	D	D	0	D	1	0.8103299737	D	3.055000067	M	1.16	T	-0.534	T	0.254	T	0.843	3.871	19.67	5.130000114	4.010000229	0.931	9.083	10.152
Q130R	16	1370494	A	G	0.8551980135	0	0	0.865789474	1.1213	0.64	0.789	-3.889	0.02500000037	1	1	0.06615063012	0	1	0.9959999919	D	D	0	D	1	0.8103299737	D	2.065000057	M	1.2	T	-0.793	T	0.191	T	0.788	3.684	18.72	5.130000114	4.010000229	0.931	9.083	10.152
A131S	16	1370496	G	T	0.9718314874	0	0	0.078947368	0.5755	0.482	0.02	-1.567	0.3210000098	0.15	0	0.0186933142	0.85	0.9330000281	0.9390000105	P	D	0	D	1	0.8103299737	D	0.7699999809	N	1.18	T	-1.087	T	0.119	T	0.625	3.614	18.39	5.130000114	5.130000114	2.679	9.596	16.113
E132G	16	1370500	A	G	0.4947277202	0	1	0.540789474	0.8117	0.621	0.6	-5.984	0.02500000037	0.99	1	0.07241955594	0.01	0.7059999704	0.4869999886	P	P	0	D	1	0.8103299737	D	3.5	M	1.02	T	-0.417	T	0.243	T	0.857	4.456	23.8	5.130000114	5.130000114	2.163	9.083	12.927
E132D	16	1370501	G	C	1.059582465	0	0	0.797368421	0.8797	0.538	0.018	-1.49	0.275000006	0.75	0	0.02308225498	0.25	0.0390000008	0.05799999833	B	B	0	D	1	0.8103299737	D	0.5400000215	N	1.21	T	-1.094	T	0.053	T	0.758	1.961	12.51	5.130000114	2.130000114	0.348	6.53	8.761
E132D	16	1370501	G	T	1.059582465	0	0	0.390789474	0.5698	0.538	0.018	-1.49	0.275000006	0.75	0	0.02276905195	0.25	0.0390000008	0.05799999833	B	B	0	D	1	0.8103299737	D	0.5400000215	N	1.21	T	-1.094	T	0.053	T	0.758	2.021	12.72	5.130000114	2.130000114	0.348	6.53	8.761
Y134N	16	1370505	T	A	0.1565616085	1	1	0.390789474	0.6954	0.704	0.822	-7.983	0.02099999972	0.99	1	0.1257653613	0.01	1	0.9990000129	D	D	0	D	1	0.8103299737	D	2.674999952	M	1.19	T	-0.557	T	0.241	T	0.892	4.372	23.1	5.130000114	5.130000114	2.163	7.822	12.927
Y134F	16	1370506	A	T	0.444947985	0	1	0.797368421	0.8267	0.698	0.282	-3.381	0.1550000012	0.83	0	0.01472855007	0.17	0.3379999995	0.2669999897	B	B	0	D	1	0.8103299737	D	1.440000057	L	1.19	T	-1.034	T	0.098	T	0.626	3.406	17.5	5.130000114	5.130000114	2.163	9.083	12.927
T135A	16	1370508	A	G	0.5884416877	0	1	0.134210526	0.8294	0.295	0.001	-3.208	0.7609999776	0.2	0	0.0247912606	0.8	0.02099999972	0.01899999939	B	B	0	D	1	0.8103299737	D	0.7799999714	N	1.24	T	-1.086	T	0.057	T	0.616	1.931	12.41	5.130000114	5.130000114	2.163	9.083	12.927
T135S	16	1370508	A	T	0.4266057022	0	1	0.476315789	0.4552	0.288	0.003	-2.237	0.6819999814	0.25	0	0.02081794715	0.75	0.01999999955	0.03500000015	B	B	0	D	1	0.8103299737	D	0.7799999714	N	1.24	T	-1.084	T	0.059	T	0.53	2.287	13.61	5.130000114	5.130000114	2.163	9.083	12.927
T135M	16	1370509	C	T	0.1256890357	1	1	0	0.1869	0.339	0.363	-3.975	0.1480000019	0.87	0	0.06025606111	0.13	1	0.9940000176	D	D	0	D	1	0.8103299737	D	1.330000043	L	1.15	T	-0.994	T	0.143	T	0.537	3.308	17.12	5.130000114	3.200000048	0.764	7.606	9.205
I136T	16	1370512	T	C	0.4468788876	0	1	0.715789474	0.4745	0.602	0.349	-3.355	0.05999999866	0.97	1	0.039710783	0.03	0.6470000148	0.4769999981	P	P	0	D	1	0.8103299737	D	0.7599999905	N	1.22	T	-1.028	T	0.089	T	0.841	3.028	16.1	5.130000114	5.130000114	2.163	7.822	12.927
Y137C	16	1370515	A	G	0.131061619	1	1	0.540789474	0.1546	0.805	0.821	-7.445	0.002000000095	1	1	0.3885285561	0	1	0.9980000257	D	D	0	D	1	0.8103299737	D	3.414999962	M	1.05	T	-0.166	T	0.34	T	0.968	4.046	20.8	5.130000114	5.130000114	2.163	9.083	12.927
Y137S	16	1370515	A	C	-0.1447314953	1	1	0.301315789	0.4139	0.817	0.659	-7.477	0.00400000019	1	1	0.3236646748	0	1	0.9950000048	D	D	0	D	1	0.8103299737	D	3.75999999	H	1.11	T	-0.045	T	0.366	T	0.949	4.26	22.2	5.130000114	5.130000114	2.163	9.083	12.927
C138R	16	1370517	T	C	0.8455503574	0	0	0.301315789	0.949	0.505	0.012	-4.038	0.523999989	0.48	0	0.109728143	0.52	0.1829999983	0.08100000024	B	B	0.0002379999933	D	1	0.8103299737	D	-1.50999999	N	1.34	T	-0.57	T	0.189	T	0.94	1.63	11.41	5.130000114	5.130000114	2.163	7.822	12.927
C138Y	16	1370518	G	A	0.2652088077	1	1	0.71754386	0.936	0.407	0.372	-4.107	0.03700000048	0.96	1	NA	0.04	0.9990000129	0.9610000253	D	D	0.0002379999933	D	1	0.8103299737	D	1.245000005	L	1.2	T	-0.947	T	0.175	T	0.93	2.826	15.41	4.210000038	4.210000038	2.185	9.596	14.114
N140D	16	1374735	A	G	0.7147632056	0	0	0.398245614	0.978	0.763	0	-1.971	0.9499999881	0.44	0	0.009584256852	0.56	0.007000000216	0.02600000054	B	B	0.0001469999988	N	1	0.8103299737	D	-0.0700000003	N	1.23	T	-1.101	T	0.062	T	0.353	0.951	8.877	4.889999866	4.889999866	2.064	8.985	12.497
N140S	16	1374736	A	G	0.1381644877	1	1	0.382565789	0.8517	0.725	0.06	-3.319	0.1640000045	0.95	1	0.02033072885	0.05	0.1800000072	0.04399999976	B	B	0.0001469999988	N	1	0.8103299737	D	2.025000095	M	1.1	T	-1.011	T	0.144	T	0.237	2.526	14.4	4.889999866	3.789999962	0.887	7.187	10.111
R141G	16	1374738	A	G	0.09605709681	1	1	0.301315789	0.6828	0.696	0.47	-4.528	0.02999999933	0.98	1	0.08097248495	0.02	0.5870000124	0.3910000026	P	B	0.807641983	N	1	0.8103299737	D	3.5	M	1.08	T	-0.544	T	0.251	T	0.951	4.426	23.5	4.889999866	4.889999866	2.064	7.031	12.497
R141I	16	1374739	G	T	1.004805569	0	0	0.313815789	0.3256	0.684	0.365	-5.553	0.04899999872	0.99	1	0.05608071625	0.01	0.6740000248	0.2189999968	P	B	0.807641983	N	1	0.8103299737	D	2.644999981	M	1.07	T	-0.73	T	0.167	T	0.896	3.962	20.3	4.889999866	4.889999866	2.554	9.492	15.588
R141T	16	1374739	G	C	0.250620306	1	1	0.626315789	0.7251	0.717	0.346	-3.607	0.05200000107	0.97	1	0.05018304944	0.03	0.7400000095	0.3910000026	P	B	0.807641983	N	1	0.8103299737	D	2.99000001	M	1.15	T	-0.702	T	0.183	T	0.882	4.56	24.7	4.889999866	4.889999866	2.554	9.492	15.588
V142A	16	1374742	T	C	1.04602378	0	0	0.192982456	1.0313	0.328	0.001	-0.704	1	0.14	0	0.01570600358	0.86	0	0.001000000047	B	B	0.0001400000037	N	1	0.8103299737	D	-1.309999943	N	1.27	T	-0.997	T	0.036	T	0.678	0.85	8.436	4.889999866	4.889999866	2.064	7.912	12.497
V142E	16	1374742	T	A	1.670368754	0	0	0	0.9833	0.409	0	-1.904	0.8949999809	0	0	0.01687214672	1	0	0.001000000047	B	B	0.0001400000037	N	1	0.8103299737	D	-1.470000029	N	1.34	T	-0.951	T	0.032	T	0.779	1.153	9.697	4.889999866	4.889999866	2.064	7.912	12.497
E143G	16	1374745	A	G	0.1870314863	1	1	0.301315789	0.5095	0.564	0.287	-3.873	0.06199999899	0.95	1	0.0219555283	0.05	0.001000000047	0.00800000038	B	B	0.7566699982	N	1	0.8103299737	D	2.339999914	M	1	T	-0.956	T	0.156	T	0.92	3.408	17.51	4.889999866	4.889999866	2.064	7.248	12.497
Y144H	16	1374747	T	C	NA	0	0	0.093157895	0.022	0.792	0.945	-4.357	0	1	1	0.0774047007	0	1	0.9990000129	D	D	0.9588810205	N	1	0.8103299737	D	3.059999943	M	0.94	T	-0.543	T	0.343	T	0.84	4.528	24.4	4.889999866	4.889999866	2.064	7.739	12.497
Y144C	16	1374748	A	G	0.0899086747	1	1	0.793947368	0.5641	0.82	0.945	-7.281	0.01700000092	0.98	1	0.1413048099	0.02	0.9900000095	0.8650000095	D	P	0.9588810205	N	1	0.8103299737	D	4.394999981	H	0.91	T	-0.202	T	0.41	T	0.883	4.115	21.2	4.889999866	4.889999866	2.064	8.985	12.497
Y144S	16	1374748	A	C	0.2087087253	1	1	0	0.4888	0.774	0.85	-7.829	0	1	1	0.07685113035	0	1	1	D	D	0.9588810205	N	1	0.8103299737	D	4.744999886	H	0.99	T	-0.081	T	0.485	T	0.944	4.464	23.8	4.889999866	4.889999866	2.064	8.985	12.497
E145K	16	1374750	G	A	0.2183224648	1	1	0	0.4975	0.597	0.025	-2.022	0.3910000026	0.64	0	0.02069105367	0.36	0.3149999976	0.04300000146	B	B	0.00129299995	N	1	0.8103299737	D	0.5550000072	N	1.28	T	-1.098	T	0.075	T	0.856	3.185	16.66	4.889999866	4.889999866	2.554	9.492	15.588
E145Q	16	1374750	G	C	1.131167819	0	0	0	0.4025	0.532	0.51	-1.862	0.04600000009	0.96	1	0.02168805161	0.04	0.9940000176	0.7990000248	D	P	0.00129299995	N	1	0.8103299737	D	2.529999971	M	1.11	T	-0.82	T	0.293	T	0.782	4.922	28.5	4.889999866	4.889999866	2.554	9.492	15.588
E145G	16	1374751	A	G	0.2528626694	1	1	0	0.0143	0.588	0.623	-4.608	0.02899999917	0.97	1	0.03916492087	0.03	0.9789999723	0.6750000119	D	P	0.00129299995	N	1	0.8103299737	D	2.924999952	M	1.06	T	-0.773	T	0.283	T	0.847	4.917	28.4	4.889999866	4.889999866	2.064	8.985	12.497
E145V	16	1374751	A	T	0.3623834211	0	1	0	0.068	0.585	0.477	-4.59	0.0549999997	0.92	0	0.05713363052	0.08	0.8130000234	0.4339999855	P	B	0.00129299995	N	1	0.8103299737	D	2.230000019	M	1.07	T	-0.914	T	0.186	T	0.866	3.921	19.95	4.889999866	4.889999866	2.064	8.985	12.497
K146E	16	1374753	A	G	0.6173081061	0	0	0	0.3319	0.476	0.321	-2.705	0.02600000054	0.97	1	0.02358621763	0.03	0.5590000153	0.2269999981	P	B	0.9360790253	N	1	0.8103299737	D	1.649999976	L	1.15	T	-1.028	T	0.103	T	0.764	3.78	19.19	4.889999866	4.889999866	2.064	8.985	12.497
K146R	16	1374754	A	G	1.088275619	0	0	0	0.063	0.385	0.011	-1.334	0.4250000119	0.49	0	0.01422521938	0.51	0.01099999994	0.01999999955	B	B	0.9360790253	N	1	0.8103299737	D	0.3400000036	N	1.08	T	-1.106	T	0.071	T	0.521	2.649	14.82	4.889999866	4.889999866	2.064	8.985	12.497
R147G	16	1374756	A	G	-0.1577381812	1	1	0.942763158	0.7944	0.641	0.707	-5.883	0.001000000047	1	1	0.08407466052	0	0.9819999933	0.8489999771	D	P	0.04145500064	N	1	0.8103299737	D	4.135000229	H	1.12	T	-0.278	T	0.324	T	0.958	4.17	21.6	4.889999866	1.070000052	-0.002	2.284	10.915
V148L	16	1374759	G	C	0.05499710616	1	1	0.532236842	0.4172	0.725	0.404	-2.387	0.0270000007	0.98	1	0.02834296295	0.02	0.05099999905	0.05700000003	B	B	0.9201859832	N	1	0.8103299737	D	2.769999981	M	0.99	T	-0.86	T	0.171	T	0.708	3.622	18.43	4.889999866	3.940000057	1.299	9.492	11.248
V148A	16	1374760	T	C	0.2839020946	1	1	0.284210526	0.5122	0.801	0.882	-3.416	0.008999999613	0.98	1	0.1428489501	0.02	0.9789999723	0.8880000114	D	P	0.9201859832	N	1	0.8103299737	D	1.340000033	L	1.08	T	-0.928	T	0.194	T	0.681	4.832	27.4	4.889999866	4.889999866	2.064	7.739	12.497
V148D	16	1374760	T	A	-0.2032836655	1	1	0	0.4658	0.84	0.659	-6.139	0	1	1	0.02990414638	0	1	0.9860000014	D	D	0.9201859832	N	1	0.8103299737	D	4.434999943	H	0.85	T	-0.039	T	0.506	D	0.917	4.694	26	4.889999866	4.889999866	2.064	7.739	12.497
A150T	16	1374765	G	A	0.06873255135	1	1	0.134210526	0.3206	0.45	0.06	-1.903	0.4079999924	0.86	0	0.01415512776	0.14	0.2150000036	0.1710000038	B	B	0.09000899643	N	1	0.8103299737	D	1.554999948	L	1.17	T	-1.027	T	0.103	T	0.639	3.683	18.71	4.889999866	4.889999866	2.554	9.492	15.588
Q151R	16	1374769	A	G	-0.04261529734	1	1	1.242105263	0.5175	0.579	0.819	-3.456	0.009999999776	0.95	1	0.03644609029	0.05	0.996999979	0.9689999819	D	D	0.128557995	N	1	0.8103299737	D	2.640000105	M	1.21	T	-0.625	T	0.232	T	0.813	4.691	26	4.889999866	4.889999866	2.064	8.985	12.497
A152T	16	1374771	G	A	0.08687008937	1	1	0	0.1663	0.555	0.359	-3.449	0.05600000173	0.96	1	0.03402457824	0.04	0.3910000026	0.3440000117	B	B	0.03219500184	N	1	0.8103299737	D	2.394999981	M	0	T	-0.409	T	0.313	T	0.738	4.576	24.8	4.889999866	4.889999866	2.554	9.492	15.588
A152D	16	1374772	C	A	-0.08600282903	1	1	0.134210526	0.3539	0.736	0.873	-5.357	0.001000000047	1	1	0.2789368092	0	0.9950000048	0.9959999919	D	D	0.03219500184	N	1	0.8103299737	D	3.644999981	H	-0.19	T	0.359	D	0.56	D	0.968	5.048	29.9	4.889999866	4.889999866	2.554	7.526	15.588
K153E	16	1374774	A	G	1.15336453	0	0	1.242105263	0.5115	0.41	0.059	-1.833	0.1299999952	0.33	0	0.0322141494	0.67	0.001000000047	0.001000000047	B	B	0.1146140024	N	1	0.8103299737	D	0.5400000215	N	-0.03	T	-0.995	T	0.127	T	0.835	3.366	17.34	4.889999866	4.889999866	2.064	8.985	12.497
K153R	16	1374775	A	G	1.222526628	0	0	0.284210526	0.3859	0.34	0.02	0.064	0.3109999895	0.65	0	0.02389814272	0.35	0.001000000047	0.001000000047	B	B	0.1146140024	N	1	0.8103299737	D	0.07999999821	N	-0.02	T	-1.005	T	0.118	T	0.585	2.849	15.49	4.889999866	4.889999866	2.064	8.985	12.497
K154E	16	1374777	A	G	0.6429464209	0	0	1.092105263	0.6205	0.442	0.011	-0.821	0.3790000081	0.57	0	0.03028688585	0.43	0.05700000003	0.01899999939	B	B	0.05115399882	N	1	0.8103299737	D	1.169999957	L	-0.36	T	-0.889	T	0.186	T	0.705	2.578	14.58	4.889999866	4.889999866	2.064	8.985	12.497
F155S	16	1374781	T	C	0.6094380568	0	0	0	0.3922	0.503	0	-1.517	0.06899999827	0.85	0	0.02651851163	0.15	0.01799999923	0.007000000216	B	B	0.0001500000071	N	1	0.8103299737	D	-0.5049999952	N	-0.06	T	-1.091	T	0.135	T	0.756	2.629	14.75	4.889999866	4.889999866	2.064	4.773	12.497
F155Y	16	1374781	T	A	0.5954226079	0	1			0.404	0.323	-0.369	1	0	0	0.0264865805	1	0.002000000095	0.002000000095	B	B	0.0001500000071	N	1	0.5881400108	D	-0.3950000107	N	0.23	T	-0.998	T	0.097	T	0.603	0.431	6.338	4.889999866	4.889999866	2.064	4.773	12.497
A156T	16	1374783	G	A	0.993518202	0	0			0.382	0.011	-1.244	0.3650000095	0.75	0	0.02348734055	0.25	0.04199999943	0.002000000095	B	B	0.500617981	N	1	0.8103299737	D	1.870000005	L	-0.43	T	-0.776	T	0.259	T	0.431	2.218	13.37	4.889999866	4.889999866	2.554	5.419	15.588
A156V	16	1374784	C	T	0.3870685662	0	1			0.359	0.25	-2.185	0.08399999887	0.96	1	0.04921607593	0.04	0.9520000219	0.03999999911	P	B	0.500617981	N	1	0.8103299737	D	2.424999952	M	-0.45	T	-0.403	T	0.236	T	0.431	3.487	17.84	4.889999866	4.889999866	2.554	7.526	15.588
P157S	16	1374786	C	T	0.5780897276	0	1			0.214	0.387	-3.092	0.01999999955	0.95	1	0.0179500365	0.05	0.004999999888	0.001000000047	B	B	0.01307199989	N	1	0.8103299737	D	0.5749999881	N	0.03	T	-0.914	T	0.152	T	0.537	2.709	15.02	4.889999866	4.889999866	2.554	5.766	15.588
P157L	16	1374787	C	T	1.01976745	0	0			0.348	0.697	-4.544	0.001000000047	1	1	0.05322830568	0	0.3930000067	0.04699999839	B	B	0.01307199989	N	1	0.8103299737	D	1.320000052	L	-0.02	T	-0.734	T	0.178	T	0.628	3.617	18.41	4.889999866	4.889999866	2.554	7.526	15.588
S158A	16	1374789	T	G	0.7768121742	0	0			0.33	0.408	-0.368	0.4869999886	0.55	0	0.03026251945	0.45	0	0	B	B	0.2191350013	N	1	0.5881400108	D	0.3449999988	N	0.01	T	-1.12	T	0.157	T	0.47	0.647	7.474	4.889999866	4.889999866	2.064	5.797	12.497
S158P	16	1374789	T	C	1.156396482	0	0			0.354	0.007	-0.724	0.00800000038	0.99	1	0.01777020781	0.01	0.01600000076	0.007000000216	B	B	0.2191350013	N	1	0.8103299737	D	0.3449999988	N	-0.1	T	-1.051	T	0.173	T	0.639	2.9	15.66	4.889999866	4.889999866	2.064	5.797	12.497